459,27.17,976.51,178.79,TRUE,TRUE,TRUE,TRUE
465,27.22,972.31,214.95,TRUE,TRUE,TRUE,TRUE
471,27.26,968.44,248.43,TRUE,TRUE,TRUE,TRUE
477,27.31,964.45,283.08,TRUE,TRUE,TRUE,TRUE
484,27.34,960.31,319.14,TRUE,TRUE,TRUE,TRUE
490,27.39,956.63,351.21,TRUE,TRUE,TRUE,TRUE
496,27.44,952.67,385.95,TRUE,TRUE,TRUE,TRUE
502,27.47,948.87,419.34,TRUE,TRUE,TRUE,TRUE
508,27.51,945.33,450.57,TRUE,TRUE,TRUE,TRUE
515,27.54,941.42,485.19,TRUE,TRUE,TRUE,TRUE
521,27.59,937.44,520.47,TRUE,TRUE,TRUE,TRUE
527,27.6,933.51,555.54,TRUE,TRUE,TRUE,TRUE
533,27.66,929.8,588.71,TRUE,TRUE,TRUE,TRUE
539,27.7,926.09,621.92,TRUE,TRUE,TRUE,TRUE
546,27.74,922.3,656.01,TRUE,TRUE,TRUE,TRUE
552,27.79,918.55,689.84,TRUE,TRUE,TRUE,TRUE
558,27.83,914.72,724.54,TRUE,TRUE,TRUE,TRUE
564,27.86,910.81,760.13,TRUE,TRUE,TRUE,TRUE
570,27.89,907.41,791.14,TRUE,TRUE,TRUE,TRUE
577,27.93,903.59,826.07,TRUE,TRUE,TRUE,TRUE
583,27.97,899.75,861.3,TRUE,TRUE,TRUE,TRUE
589,28.01,895.82,897.43,TRUE,TRUE,TRUE,TRUE
595,28.03,892,932.82,TRUE,TRUE,TRUE,TRUE
601,28.07,888.26,967.49,TRUE,TRUE,TRUE,TRUE
608,28.11,884.31,1004.18,TRUE,TRUE,TRUE,TRUE
614,28.13,880.67,1038.22,TRUE,TRUE,TRUE,TRUE
620,28.17,876.91,1073.43,TRUE,TRUE,TRUE,TRUE
626,28.21,872.98,1110.42,TRUE,TRUE,TRUE,TRUE
632,28.24,869.5,1143.27,TRUE,TRUE,TRUE,TRUE
639,28.27,865.52,1180.9,TRUE,TRUE,TRUE,TRUE
645,28.31,861.65,1217.69,TRUE,TRUE,TRUE,TRUE
651,28.33,857.64,1255.96,TRUE,TRUE,TRUE,TRUE
657,28.39,853.94,1291.37,TRUE,TRUE,TRUE,TRUE
663,28.4,850.01,1329.16,TRUE,TRUE,TRUE,TRUE
670,28.42,846.49,1363.13,TRUE,TRUE,TRUE,TRUE
676,28.45,842.69,1399.83,TRUE,TRUE,TRUE,TRUE
682,28.46,838.44,1441.14,TRUE,TRUE,TRUE,TRUE
688,28.51,835.02,1474.48,TRUE,TRUE,TRUE,TRUE
694,28.53,831.33,1510.56,TRUE,TRUE,TRUE,TRUE
701,28.58,827.7,1546.27,TRUE,TRUE,TRUE,TRUE
707,28.6,824.13,1581.43,TRUE,TRUE,TRUE,TRUE
713,28.62,820.47,1617.65,TRUE,TRUE,TRUE,TRUE
719,28.64,816.84,1653.66,TRUE,TRUE,TRUE,TRUE
725,28.66,813.22,1689.69,TRUE,TRUE,TRUE,TRUE
732,28.69,809.78,1724.1,TRUE,TRUE,TRUE,TRUE
738,28.7,806.2,1760.02,TRUE,TRUE,TRUE,TRUE
744,28.72,802.72,1795.02,TRUE,TRUE,TRUE,TRUE
750,28.75,799.42,1828.38,TRUE,TRUE,TRUE,TRUE
756,28.77,796.17,1861.32,TRUE,TRUE,TRUE,TRUE
763,28.79,792.75,1896.04,TRUE,TRUE,TRUE,TRUE
769,28.81,789.22,1932.06,TRUE,TRUE,TRUE,TRUE
775,28.82,785.72,1967.91,TRUE,TRUE,TRUE,TRUE
781,28.84,782.35,2002.55,TRUE,TRUE,TRUE,TRUE
787,28.87,778.89,2038.23,TRUE,TRUE,TRUE,TRUE
794,28.89,775.74,2070.85,TRUE,TRUE,TRUE,TRUE
800,28.91,772.47,2104.85,TRUE,TRUE,TRUE,TRUE
806,28.94,768.96,2141.35,TRUE,TRUE,TRUE,TRUE
812,28.94,765.63,2176.21,TRUE,TRUE,TRUE,TRUE
818,28.98,762.43,2209.77,TRUE,TRUE,TRUE,TRUE
825,28.99,758.83,2247.67,TRUE,TRUE,TRUE,TRUE
831,29.02,756.16,2275.89,TRUE,TRUE,TRUE,TRUE
837,29.04,752.77,2311.88,TRUE,TRUE,TRUE,TRUE
843,29.04,749.64,2345.17,TRUE,TRUE,TRUE,TRUE
849,29.06,746.44,2379.31,TRUE,TRUE,TRUE,TRUE
856,29.07,743.49,2410.96,TRUE,TRUE,TRUE,TRUE
862,29.1,740.47,2443.38,TRUE,TRUE,TRUE,TRUE
868,29.11,737.4,2476.54,TRUE,TRUE,TRUE,TRUE
874,29.11,734.09,2512.33,TRUE,TRUE,TRUE,TRUE
880,29.12,730.65,2549.67,TRUE,TRUE,TRUE,TRUE
887,29.15,727.55,2583.46,TRUE,TRUE,TRUE,TRUE
893,29.15,724.4,2617.88,TRUE,TRUE,TRUE,TRUE
899,29.17,721.38,2651.08,TRUE,TRUE,TRUE,TRUE
905,29.16,718.04,2687.83,TRUE,TRUE,TRUE,TRUE
911,29.19,714.89,2722.71,TRUE,TRUE,TRUE,TRUE
917,29.19,711.89,2755.98,TRUE,TRUE,TRUE,TRUE
924,29.2,708.77,2790.66,TRUE,TRUE,TRUE,TRUE
930,29.21,705.67,2825.35,TRUE,TRUE,TRUE,TRUE
936,29.21,702.8,2857.56,TRUE,TRUE,TRUE,TRUE
942,29.22,699.83,2890.93,TRUE,TRUE,TRUE,TRUE
948,29.22,696.78,2925.32,TRUE,TRUE,TRUE,TRUE
955,29.22,693.85,2958.48,TRUE,TRUE,TRUE,TRUE
961,29.23,690.7,2994.33,TRUE,TRUE,TRUE,TRUE
967,29.22,687.83,3027.1,TRUE,TRUE,TRUE,TRUE
973,29.23,684.61,3063.93,TRUE,TRUE,TRUE,TRUE
979,29.23,681.9,3095.08,TRUE,TRUE,TRUE,TRUE
986,29.25,678.26,3137.09,TRUE,TRUE,TRUE,TRUE
992,29.27,675.25,3171.86,TRUE,TRUE,TRUE,TRUE
998,29.26,672.2,3207.39,TRUE,TRUE,TRUE,TRUE
1004,29.27,669.27,3241.53,TRUE,TRUE,TRUE,TRUE
1010,29.26,666.66,3272.04,TRUE,TRUE,TRUE,TRUE
1017,29.27,663.7,3306.82,TRUE,TRUE,TRUE,TRUE
1023,29.26,660.79,3341.11,TRUE,TRUE,TRUE,TRUE
1029,29.26,657.97,3374.45,TRUE,TRUE,TRUE,TRUE
1035,29.26,655.22,3407.06,TRUE,TRUE,TRUE,TRUE
1041,29.26,652.25,3442.39,TRUE,TRUE,TRUE,TRUE
1048,29.24,649.25,3478.24,TRUE,TRUE,TRUE,TRUE
1054,29.25,646.54,3510.77,TRUE,TRUE,TRUE,TRUE
1060,29.23,643.63,3545.79,TRUE,TRUE,TRUE,TRUE
1066,29.24,641.11,3576.24,TRUE,TRUE,TRUE,TRUE
1072,29.24,638.21,3611.43,TRUE,TRUE,TRUE,TRUE
1079,29.23,635.47,3644.67,TRUE,TRUE,TRUE,TRUE
1085,29.21,632.3,3683.42,TRUE,TRUE,TRUE,TRUE
1091,29.22,629.43,3718.58,TRUE,TRUE,TRUE,TRUE
1097,29.2,626.59,3753.54,TRUE,TRUE,TRUE,TRUE
1103,29.2,623.69,3789.39,TRUE,TRUE,TRUE,TRUE
1110,29.17,620.8,3825.16,TRUE,TRUE,TRUE,TRUE
1116,29.17,617.79,3862.57,TRUE,TRUE,TRUE,TRUE
1122,29.16,615.25,3894.35,TRUE,TRUE,TRUE,TRUE
1128,29.15,612.48,3929.03,TRUE,TRUE,TRUE,TRUE
1134,29.15,609.75,3963.38,TRUE,TRUE,TRUE,TRUE
1141,29.12,607.4,3992.94,TRUE,TRUE,TRUE,TRUE
1147,29.08,604.72,4026.9,TRUE,TRUE,TRUE,TRUE
1153,29.1,602.45,4055.71,TRUE,TRUE,TRUE,TRUE
1159,29.09,600.07,4086.07,TRUE,TRUE,TRUE,TRUE
1165,29.07,597.04,4124.89,TRUE,TRUE,TRUE,TRUE
1172,29.05,594.63,4155.83,TRUE,TRUE,TRUE,TRUE
1178,29.04,591.74,4193,TRUE,TRUE,TRUE,TRUE
1184,29.03,589.21,4225.69,TRUE,TRUE,TRUE,TRUE
1190,29.01,586.83,4256.57,TRUE,TRUE,TRUE,TRUE
1196,28.99,583.91,4294.56,TRUE,TRUE,TRUE,TRUE
1203,28.98,581.17,4330.42,TRUE,TRUE,TRUE,TRUE
1209,28.97,578.37,4367.19,TRUE,TRUE,TRUE,TRUE
1215,28.96,575.79,4401.21,TRUE,TRUE,TRUE,TRUE
1221,28.94,573.03,4437.68,TRUE,TRUE,TRUE,TRUE
1227,28.92,569.99,4477.99,TRUE,TRUE,TRUE,TRUE
1234,28.9,567.12,4516.24,TRUE,TRUE,TRUE,TRUE
1240,28.86,564.63,4549.54,TRUE,TRUE,TRUE,TRUE
1246,28.85,561.41,4592.81,TRUE,TRUE,TRUE,TRUE
1252,28.81,558.43,4633.05,TRUE,TRUE,TRUE,TRUE
1258,28.8,555.88,4667.62,TRUE,TRUE,TRUE,TRUE
1265,28.79,553.62,4698.33,TRUE,TRUE,TRUE,TRUE
1271,28.75,550.86,4736.01,TRUE,TRUE,TRUE,TRUE
1277,28.72,548.26,4771.7,TRUE,TRUE,TRUE,TRUE
1283,28.7,546.06,4801.92,TRUE,TRUE,TRUE,TRUE
1289,28.7,543.58,4836.19,TRUE,TRUE,TRUE,TRUE
1296,28.69,541.1,4870.48,TRUE,TRUE,TRUE,TRUE
1302,28.69,538.88,4901.38,TRUE,TRUE,TRUE,TRUE
1308,28.67,535.93,4942.5,TRUE,TRUE,TRUE,TRUE
1314,28.67,533.27,4979.88,TRUE,TRUE,TRUE,TRUE
1320,28.67,530.8,5014.6,TRUE,TRUE,TRUE,TRUE
1327,28.67,528.35,5049.23,TRUE,TRUE,TRUE,TRUE
1333,28.64,525.73,5086.37,TRUE,TRUE,TRUE,TRUE
1339,28.63,523.15,5123.02,TRUE,TRUE,TRUE,TRUE
1345,28.62,520.51,5160.71,TRUE,TRUE,TRUE,TRUE
1351,28.62,517.92,5197.97,TRUE,TRUE,TRUE,TRUE
1358,28.58,515.41,5234.04,TRUE,TRUE,TRUE,TRUE
1364,28.58,512.75,5272.56,TRUE,TRUE,TRUE,TRUE
1370,28.57,510.46,5305.84,TRUE,TRUE,TRUE,TRUE
1376,28.55,508,5341.68,TRUE,TRUE,TRUE,TRUE
1382,28.52,505.12,5383.91,TRUE,TRUE,TRUE,TRUE
1389,28.53,503.03,5414.54,TRUE,TRUE,TRUE,TRUE
1395,28.51,500.64,5449.81,TRUE,TRUE,TRUE,TRUE
1401,28.51,498.47,5481.98,TRUE,TRUE,TRUE,TRUE
1407,28.5,495.84,5520.98,TRUE,TRUE,TRUE,TRUE
1413,28.49,493.77,5551.95,TRUE,TRUE,TRUE,TRUE
1420,28.46,491.29,5589.02,TRUE,TRUE,TRUE,TRUE
1426,28.45,489.32,5618.6,TRUE,TRUE,TRUE,TRUE
1432,28.41,487.06,5652.67,TRUE,TRUE,TRUE,TRUE
1438,28.43,484.53,5691.02,TRUE,TRUE,TRUE,TRUE
1444,28.4,482.24,5725.94,TRUE,TRUE,TRUE,TRUE
1451,28.38,479.86,5762.12,TRUE,TRUE,TRUE,TRUE
1457,28.38,477.85,5792.95,TRUE,TRUE,TRUE,TRUE
1463,28.35,475.63,5827.05,TRUE,TRUE,TRUE,TRUE
1469,28.35,473.16,5865.32,TRUE,TRUE,TRUE,TRUE
1475,28.31,471.34,5893.4,TRUE,TRUE,TRUE,TRUE
1482,28.29,469.34,5924.53,TRUE,TRUE,TRUE,TRUE
1488,28.29,466.94,5961.99,TRUE,TRUE,TRUE,TRUE
1494,28.26,464.76,5996.13,TRUE,TRUE,TRUE,TRUE
1500,28.23,462.79,6027.13,TRUE,TRUE,TRUE,TRUE
1506,28.21,460.54,6062.7,TRUE,TRUE,TRUE,TRUE
1513,28.2,458.18,6100.01,TRUE,TRUE,TRUE,TRUE
1519,28.2,456,6134.71,TRUE,TRUE,TRUE,TRUE
1525,28.17,454.15,6164.16,TRUE,TRUE,TRUE,TRUE
1531,28.15,452.08,6197.35,TRUE,TRUE,TRUE,TRUE
1537,28.15,449.73,6235.23,TRUE,TRUE,TRUE,TRUE
1544,28.13,447.94,6264.07,TRUE,TRUE,TRUE,TRUE
1550,28.11,445.74,6299.79,TRUE,TRUE,TRUE,TRUE
1556,28.08,443.74,6332.25,TRUE,TRUE,TRUE,TRUE
1562,28.07,441.63,6366.68,TRUE,TRUE,TRUE,TRUE
1568,28.03,439.8,6396.66,TRUE,TRUE,TRUE,TRUE
1575,28.01,437.44,6435.53,TRUE,TRUE,TRUE,TRUE
1581,27.98,435.24,6471.82,TRUE,TRUE,TRUE,TRUE
1587,27.94,433.15,6506.53,TRUE,TRUE,TRUE,TRUE
1593,27.96,431.33,6536.76,TRUE,TRUE,TRUE,TRUE
1599,27.89,429.29,6570.89,TRUE,TRUE,TRUE,TRUE
1606,27.88,427.21,6605.85,TRUE,TRUE,TRUE,TRUE
1612,27.85,425.14,6640.65,TRUE,TRUE,TRUE,TRUE
1618,27.83,423.37,6670.54,TRUE,TRUE,TRUE,TRUE
1624,27.81,421.14,6708.37,TRUE,TRUE,TRUE,TRUE
1630,27.79,419.28,6740.06,TRUE,TRUE,TRUE,TRUE
1637,27.75,417.03,6778.45,TRUE,TRUE,TRUE,TRUE
1643,27.73,415.07,6812.23,TRUE,TRUE,TRUE,TRUE
1649,27.71,412.76,6851.95,TRUE,TRUE,TRUE,TRUE
1655,27.67,410.59,6889.58,TRUE,TRUE,TRUE,TRUE
1661,27.64,408.9,6918.86,TRUE,TRUE,TRUE,TRUE
1668,27.6,406.91,6953.72,TRUE,TRUE,TRUE,TRUE
1674,27.57,404.9,6988.91,TRUE,TRUE,TRUE,TRUE
1680,27.55,402.66,7028.31,TRUE,TRUE,TRUE,TRUE
1686,27.51,400.56,7065.38,TRUE,TRUE,TRUE,TRUE
1692,27.48,398.58,7100.4,TRUE,TRUE,TRUE,TRUE
1699,27.46,396.42,7138.97,TRUE,TRUE,TRUE,TRUE
1705,27.42,394.55,7172.39,TRUE,TRUE,TRUE,TRUE
1711,27.38,392.77,7204.31,TRUE,TRUE,TRUE,TRUE
1717,27.37,390.93,7237.58,TRUE,TRUE,TRUE,TRUE
1723,27.32,388.76,7276.87,TRUE,TRUE,TRUE,TRUE
1730,27.32,387.03,7308.15,TRUE,TRUE,TRUE,TRUE
1736,27.3,385.1,7343.34,TRUE,TRUE,TRUE,TRUE
1742,27.28,383.43,7373.96,TRUE,TRUE,TRUE,TRUE
1748,27.25,381.53,7408.87,TRUE,TRUE,TRUE,TRUE
1754,27.2,379.78,7441.12,TRUE,TRUE,TRUE,TRUE
1761,27.19,377.79,7478.03,TRUE,TRUE,TRUE,TRUE
1767,27.14,375.64,7518.04,TRUE,TRUE,TRUE,TRUE
1773,27.12,373.81,7552.23,TRUE,TRUE,TRUE,TRUE
1779,27.07,371.54,7594.97,TRUE,TRUE,TRUE,TRUE
1785,27.05,369.79,7627.96,TRUE,TRUE,TRUE,TRUE
1792,27,367.94,7662.82,TRUE,TRUE,TRUE,TRUE
1798,26.99,366.27,7694.52,TRUE,TRUE,TRUE,TRUE
1804,26.93,364.34,7731.44,TRUE,TRUE,TRUE,TRUE
1810,26.9,362.64,7763.98,TRUE,TRUE,TRUE,TRUE
1816,26.86,361.07,7794.08,TRUE,TRUE,TRUE,TRUE
1823,26.86,359.23,7829.76,TRUE,TRUE,TRUE,TRUE
1829,26.82,357.34,7866.25,TRUE,TRUE,TRUE,TRUE
1835,26.76,355.5,7902.04,TRUE,TRUE,TRUE,TRUE
1841,26.75,353.53,7940.64,TRUE,TRUE,TRUE,TRUE
1847,26.71,351.85,7973.59,TRUE,TRUE,TRUE,TRUE
1854,26.68,350.09,8008.31,TRUE,TRUE,TRUE,TRUE
1860,26.65,348.61,8037.46,TRUE,TRUE,TRUE,TRUE
1866,26.57,347.01,8069.31,TRUE,TRUE,TRUE,TRUE
1872,26.53,345.1,8107.42,TRUE,TRUE,TRUE,TRUE
1878,26.49,343.61,8137.07,TRUE,TRUE,TRUE,TRUE
1885,26.47,341.73,8174.93,TRUE,TRUE,TRUE,TRUE
1891,26.39,339.95,8210.84,TRUE,TRUE,TRUE,TRUE
1897,26.36,338.16,8247.03,TRUE,TRUE,TRUE,TRUE
1903,26.33,336.7,8276.87,TRUE,TRUE,TRUE,TRUE
1909,26.3,334.93,8312.83,TRUE,TRUE,TRUE,TRUE
1916,26.24,333.61,8340.01,TRUE,TRUE,TRUE,TRUE
1922,26.2,331.89,8375.43,TRUE,TRUE,TRUE,TRUE
1928,26.13,329.79,8418.73,TRUE,TRUE,TRUE,TRUE
1934,26.1,328.27,8450.37,TRUE,TRUE,TRUE,TRUE
1940,26.07,326.43,8488.75,TRUE,TRUE,TRUE,TRUE
1947,26.04,324.22,8535.08,TRUE,TRUE,TRUE,TRUE
1953,26.02,322.77,8565.57,TRUE,TRUE,TRUE,TRUE
1959,25.99,321.06,8601.62,TRUE,TRUE,TRUE,TRUE
1965,25.94,319.82,8627.92,TRUE,TRUE,TRUE,TRUE
1971,25.9,318.39,8658.48,TRUE,TRUE,TRUE,TRUE
1978,25.86,316.95,8689.16,TRUE,TRUE,TRUE,TRUE
1984,25.83,314.84,8734.31,TRUE,TRUE,TRUE,TRUE
1990,25.78,313.38,8765.98,TRUE,TRUE,TRUE,TRUE
1996,25.75,312,8795.64,TRUE,TRUE,TRUE,TRUE
2002,25.69,310.55,8827.18,TRUE,TRUE,TRUE,TRUE
2009,25.67,309.01,8860.89,TRUE,TRUE,TRUE,TRUE
2015,25.63,307.83,8886.52,TRUE,TRUE,TRUE,TRUE
2021,25.58,306.57,8914.25,TRUE,TRUE,TRUE,TRUE
2027,25.55,305.34,8941.41,TRUE,TRUE,TRUE,TRUE
2033,25.5,303.92,8972.7,TRUE,TRUE,TRUE,TRUE
2040,25.45,302.59,9002.28,TRUE,TRUE,TRUE,TRUE
2046,25.43,301.28,9031.4,TRUE,TRUE,TRUE,TRUE
2052,25.36,299.64,9068.02,TRUE,TRUE,TRUE,TRUE
2058,25.31,298.07,9103.34,TRUE,TRUE,TRUE,TRUE
2064,25.26,296.63,9135.74,TRUE,TRUE,TRUE,TRUE
2071,25.21,295.07,9170.9,TRUE,TRUE,TRUE,TRUE
2077,25.14,293.86,9198.44,TRUE,TRUE,TRUE,TRUE
2083,25.12,292.14,9237.73,TRUE,TRUE,TRUE,TRUE
2089,25.07,290.65,9271.82,TRUE,TRUE,TRUE,TRUE
2095,24.99,289.15,9306.37,TRUE,TRUE,TRUE,TRUE
2102,24.93,287.86,9336.16,TRUE,TRUE,TRUE,TRUE
2108,24.9,286.32,9371.93,TRUE,TRUE,TRUE,TRUE
2114,24.85,284.94,9403.97,TRUE,TRUE,TRUE,TRUE
2120,24.79,283.19,9444.75,TRUE,TRUE,TRUE,TRUE
2126,24.76,281.85,9476.41,TRUE,TRUE,TRUE,TRUE
2133,24.72,280.77,9501.79,TRUE,TRUE,TRUE,TRUE
2139,24.65,279.46,9532.81,TRUE,TRUE,TRUE,TRUE
2145,24.59,278.46,9556.57,TRUE,TRUE,TRUE,TRUE
2151,24.53,277.19,9586.79,TRUE,TRUE,TRUE,TRUE
2157,24.46,276.05,9614.06,TRUE,TRUE,TRUE,TRUE
2164,24.42,274.94,9640.56,TRUE,TRUE,TRUE,TRUE
2170,24.37,273.59,9673.16,TRUE,TRUE,TRUE,TRUE
2176,24.33,272.15,9707.83,TRUE,TRUE,TRUE,TRUE
2182,24.28,270.95,9736.94,TRUE,TRUE,TRUE,TRUE
2188,24.21,269.72,9766.94,TRUE,TRUE,TRUE,TRUE
2195,24.17,267.76,9814.73,TRUE,TRUE,TRUE,TRUE
2201,24.1,266.18,9853.57,TRUE,TRUE,TRUE,TRUE
2207,24.06,264.54,9894.25,TRUE,TRUE,TRUE,TRUE
2213,24.03,263.36,9923.51,TRUE,TRUE,TRUE,TRUE
2219,23.96,261.98,9957.8,TRUE,TRUE,TRUE,TRUE
2226,23.91,260.49,9995.15,TRUE,TRUE,TRUE,TRUE
2232,23.87,259.33,10024.33,TRUE,TRUE,TRUE,TRUE
2238,23.83,258.07,10056.18,TRUE,TRUE,TRUE,TRUE
2244,23.8,256.76,10089.18,TRUE,TRUE,TRUE,TRUE
2250,23.74,255.53,10120.4,TRUE,TRUE,TRUE,TRUE
2257,23.7,254.23,10153.66,TRUE,TRUE,TRUE,TRUE
2263,23.63,253.04,10184.21,TRUE,TRUE,TRUE,TRUE
2269,23.59,251.85,10214.81,TRUE,TRUE,TRUE,TRUE
2275,23.54,250.44,10251.21,TRUE,TRUE,TRUE,TRUE
2281,23.48,248.94,10290.28,TRUE,TRUE,TRUE,TRUE
2288,23.43,247.7,10322.61,TRUE,TRUE,TRUE,TRUE
2294,23.37,246.47,10354.62,TRUE,TRUE,TRUE,TRUE
2300,23.33,245.08,10391.14,TRUE,TRUE,TRUE,TRUE
2306,23.26,243.88,10423.02,TRUE,TRUE,TRUE,TRUE
2312,23.2,242.54,10458.43,TRUE,TRUE,TRUE,TRUE
2319,23.17,241.48,10486.8,TRUE,TRUE,TRUE,TRUE
2325,23.12,240.43,10514.62,TRUE,TRUE,TRUE,TRUE
2331,23.05,239.06,10551.5,TRUE,TRUE,TRUE,TRUE
2337,23.01,237.84,10584.45,TRUE,TRUE,TRUE,TRUE
2343,22.95,236.81,10612.31,TRUE,TRUE,TRUE,TRUE
2350,22.9,235.63,10644.23,TRUE,TRUE,TRUE,TRUE
2356,22.86,234.55,10673.77,TRUE,TRUE,TRUE,TRUE
2362,22.81,232.9,10718.95,TRUE,TRUE,TRUE,TRUE
2368,22.74,231.46,10758.66,TRUE,TRUE,TRUE,TRUE
2374,22.68,230.22,10792.87,TRUE,TRUE,TRUE,TRUE
2381,22.61,229.02,10826.23,TRUE,TRUE,TRUE,TRUE
2387,22.57,227.65,10864.27,TRUE,TRUE,TRUE,TRUE
2393,22.52,226.27,10903.23,TRUE,TRUE,TRUE,TRUE
2399,22.47,225.11,10935.67,TRUE,TRUE,TRUE,TRUE
2405,22.4,223.91,10969.6,TRUE,TRUE,TRUE,TRUE
2412,22.32,222.93,10997.65,TRUE,TRUE,TRUE,TRUE
2418,22.28,221.88,11027.54,TRUE,TRUE,TRUE,TRUE
2424,22.23,220.63,11063.3,TRUE,TRUE,TRUE,TRUE
2430,22.17,219.5,11095.85,TRUE,TRUE,TRUE,TRUE
2436,22.12,218.44,11126.42,TRUE,TRUE,TRUE,TRUE
2443,22.06,217.28,11159.86,TRUE,TRUE,TRUE,TRUE
2449,22,216.2,11191.42,TRUE,TRUE,TRUE,TRUE
2455,21.95,214.42,11243.62,TRUE,TRUE,TRUE,TRUE
2461,21.9,213.59,11267.98,TRUE,TRUE,TRUE,TRUE
2467,21.82,212.53,11299.31,TRUE,TRUE,TRUE,TRUE
2474,21.79,211.52,11329.02,TRUE,TRUE,TRUE,TRUE
2480,21.74,210.39,11362.87,TRUE,TRUE,TRUE,TRUE
2486,21.7,209.35,11393.79,TRUE,TRUE,TRUE,TRUE
2492,21.63,208.36,11423.64,TRUE,TRUE,TRUE,TRUE
2498,21.56,207.16,11459.75,TRUE,TRUE,TRUE,TRUE
2505,21.5,206.25,11487.19,TRUE,TRUE,TRUE,TRUE
2511,21.43,205.22,11518.59,TRUE,TRUE,TRUE,TRUE
2517,21.38,204,11555.57,TRUE,TRUE,TRUE,TRUE
2523,21.31,202.58,11599.2,TRUE,TRUE,TRUE,TRUE
2529,21.25,201.36,11636.89,TRUE,TRUE,TRUE,TRUE
2536,21.2,200.37,11667.64,TRUE,TRUE,TRUE,TRUE
2542,21.1,199.39,11697.81,TRUE,TRUE,TRUE,TRUE
2548,21.08,198.47,11726.53,TRUE,TRUE,TRUE,TRUE
2554,20.99,197.51,11756.69,TRUE,TRUE,TRUE,TRUE
2560,20.91,196.22,11797.29,TRUE,TRUE,TRUE,TRUE
2567,20.85,195.26,11827.72,TRUE,TRUE,TRUE,TRUE
2573,20.82,194.34,11856.91,TRUE,TRUE,TRUE,TRUE
2579,20.77,193.38,11887.46,TRUE,TRUE,TRUE,TRUE
2585,20.69,192.4,11918.93,TRUE,TRUE,TRUE,TRUE
2591,20.6,191.17,11958.47,TRUE,TRUE,TRUE,TRUE
2598,20.55,190.24,11988.24,TRUE,TRUE,TRUE,TRUE
2604,20.48,189.04,12027.19,TRUE,TRUE,TRUE,TRUE
2610,20.44,187.58,12074.79,TRUE,TRUE,TRUE,TRUE
2616,20.37,186.75,12102.24,TRUE,TRUE,TRUE,TRUE
2622,20.3,185.73,12135.77,TRUE,TRUE,TRUE,TRUE
2629,20.23,184.68,12170.39,TRUE,TRUE,TRUE,TRUE
2635,20.18,183.29,12216.44,TRUE,TRUE,TRUE,TRUE
2641,20.11,182.18,12253.73,TRUE,TRUE,TRUE,TRUE
2647,20.05,181.06,12291.45,TRUE,TRUE,TRUE,TRUE
2653,19.98,180.19,12320.63,TRUE,TRUE,TRUE,TRUE
2660,19.9,178.88,12364.94,TRUE,TRUE,TRUE,TRUE
2666,19.84,177.86,12399.84,TRUE,TRUE,TRUE,TRUE
2672,19.74,176.66,12441.08,TRUE,TRUE,TRUE,TRUE
2678,19.7,175.73,12472.97,TRUE,TRUE,TRUE,TRUE
2684,19.6,174.57,12513.21,TRUE,TRUE,TRUE,TRUE
2691,19.56,173.71,12543,TRUE,TRUE,TRUE,TRUE
2697,19.47,172.36,12590.08,TRUE,TRUE,TRUE,TRUE
2703,19.4,171.59,12617.06,TRUE,TRUE,TRUE,TRUE
2709,19.33,170.61,12651.8,TRUE,TRUE,TRUE,TRUE
2715,19.25,169.59,12687.97,TRUE,TRUE,TRUE,TRUE
2722,19.22,168.41,12729.71,TRUE,TRUE,TRUE,TRUE
2728,19.14,167.61,12758.31,TRUE,TRUE,TRUE,TRUE
2734,19.09,166.42,12801.16,TRUE,TRUE,TRUE,TRUE
2740,19,165.62,12830.29,TRUE,TRUE,TRUE,TRUE
2746,18.93,164.23,12880.49,TRUE,TRUE,TRUE,TRUE
2753,18.88,163.39,12911.43,TRUE,TRUE,TRUE,TRUE
2759,18.84,162.2,12954.91,TRUE,TRUE,TRUE,TRUE
2765,18.71,161.41,12984.22,TRUE,TRUE,TRUE,TRUE
2771,18.65,160.59,13014.36,TRUE,TRUE,TRUE,TRUE
2777,18.57,159.49,13055.36,TRUE,TRUE,TRUE,TRUE
2784,18.49,158.01,13110.7,TRUE,TRUE,TRUE,TRUE
2790,18.4,157.24,13140.02,TRUE,TRUE,TRUE,TRUE
2796,18.33,156.38,13172.37,TRUE,TRUE,TRUE,TRUE
2802,18.23,155.48,13206.59,TRUE,TRUE,TRUE,TRUE
2808,18.21,154.34,13250.01,TRUE,TRUE,TRUE,TRUE
2815,18.12,153.04,13300.33,TRUE,TRUE,TRUE,TRUE
2821,18.07,151.98,13341.16,TRUE,TRUE,TRUE,TRUE
2827,17.97,150.73,13389.64,TRUE,TRUE,TRUE,TRUE
2833,17.9,149.77,13427.48,TRUE,TRUE,TRUE,TRUE
2839,17.84,148.59,13474.08,TRUE,TRUE,TRUE,TRUE
2846,17.74,147.53,13515.81,TRUE,TRUE,TRUE,TRUE
2852,17.68,146.53,13555.74,TRUE,TRUE,TRUE,TRUE
2858,17.64,145.54,13595.55,TRUE,TRUE,TRUE,TRUE
2864,17.54,144.82,13624.24,TRUE,TRUE,TRUE,TRUE
2870,17.45,144.06,13655.15,TRUE,TRUE,TRUE,TRUE
2877,17.39,143.27,13687.3,TRUE,TRUE,TRUE,TRUE
2883,17.35,141.76,13749.08,TRUE,TRUE,TRUE,TRUE
2889,17.26,140.58,13797.76,TRUE,TRUE,TRUE,TRUE
2895,17.2,139.71,13833.67,TRUE,TRUE,TRUE,TRUE
2901,17.14,138.86,13868.85,TRUE,TRUE,TRUE,TRUE
2908,17.04,137.97,13906.3,TRUE,TRUE,TRUE,TRUE
2914,17,137.29,13934.78,TRUE,TRUE,TRUE,TRUE
2920,16.92,136.63,13962.91,TRUE,TRUE,TRUE,TRUE
2926,16.85,135.83,13996.68,TRUE,TRUE,TRUE,TRUE
2932,16.74,134.97,14033.2,TRUE,TRUE,TRUE,TRUE
2939,16.69,134.21,14065.65,TRUE,TRUE,TRUE,TRUE
2945,16.62,133.25,14107.03,TRUE,TRUE,TRUE,TRUE
2951,16.58,132.15,14154.6,TRUE,TRUE,TRUE,TRUE
2957,16.48,131.51,14182.77,TRUE,TRUE,TRUE,TRUE
2963,16.41,130.75,14215.85,TRUE,TRUE,TRUE,TRUE
2970,16.34,130.06,14246.32,TRUE,TRUE,TRUE,TRUE
2976,16.28,129.31,14279.24,TRUE,TRUE,TRUE,TRUE
2982,16.23,128.62,14309.94,TRUE,TRUE,TRUE,TRUE
2988,16.14,127.86,14343.62,TRUE,TRUE,TRUE,TRUE
2994,16.06,127.12,14376.68,TRUE,TRUE,TRUE,TRUE
3001,16.01,126.51,14404.03,TRUE,TRUE,TRUE,TRUE
3007,15.94,125.96,14429.14,TRUE,TRUE,TRUE,TRUE
3013,15.88,125.37,14455.67,TRUE,TRUE,TRUE,TRUE
3019,15.83,124.69,14486.46,TRUE,TRUE,TRUE,TRUE
3025,15.75,124,14518.22,TRUE,TRUE,TRUE,TRUE
3032,15.69,123.34,14548.54,TRUE,TRUE,TRUE,TRUE
3038,15.63,122.65,14580.02,TRUE,TRUE,TRUE,TRUE
3044,15.55,121.81,14618.98,TRUE,TRUE,TRUE,TRUE
3050,15.5,120.54,14677.98,TRUE,TRUE,TRUE,TRUE
3056,15.4,119.81,14712.29,TRUE,TRUE,TRUE,TRUE
3063,15.36,119.24,14739.17,TRUE,TRUE,TRUE,TRUE
3069,15.3,118.29,14784.23,TRUE,TRUE,TRUE,TRUE
3075,15.28,117.44,14824.66,TRUE,TRUE,TRUE,TRUE
3081,15.17,116.78,14856.68,TRUE,TRUE,TRUE,TRUE
3087,15.09,116.14,14887.11,TRUE,TRUE,TRUE,TRUE
3094,15.02,115.54,14916.4,TRUE,TRUE,TRUE,TRUE
3100,14.93,114.96,14944.54,TRUE,TRUE,TRUE,TRUE
3106,14.84,114.37,14973.41,TRUE,TRUE,TRUE,TRUE
3112,14.79,113.72,15004.84,TRUE,TRUE,TRUE,TRUE
3118,14.75,113.18,15031.74,TRUE,TRUE,TRUE,TRUE
3125,14.7,112.67,15056.91,TRUE,TRUE,TRUE,TRUE
3131,14.65,112.09,15085.38,TRUE,TRUE,TRUE,TRUE
3137,14.56,111.43,15118.38,TRUE,TRUE,TRUE,TRUE
3143,14.48,110.9,15144.89,TRUE,TRUE,TRUE,TRUE
3149,14.42,110.22,15178.71,TRUE,TRUE,TRUE,TRUE
3156,14.4,109.68,15206.17,TRUE,TRUE,TRUE,TRUE
3162,14.31,109.14,15233.73,TRUE,TRUE,TRUE,TRUE
3168,14.2,108.51,15265.77,TRUE,TRUE,TRUE,TRUE
3174,14.16,107.83,15300.26,TRUE,TRUE,TRUE,TRUE
3180,14.1,107.24,15330.4,TRUE,TRUE,TRUE,TRUE
3187,14.05,106.65,15360.9,TRUE,TRUE,TRUE,TRUE
3193,13.99,106.06,15391.43,TRUE,TRUE,TRUE,TRUE
3199,13.92,105.4,15425.96,TRUE,TRUE,TRUE,TRUE
3205,13.87,104.84,15455.19,TRUE,TRUE,TRUE,TRUE
3211,13.79,104.32,15482.78,TRUE,TRUE,TRUE,TRUE
3218,13.72,103.67,15516.68,TRUE,TRUE,TRUE,TRUE
3224,13.67,103.13,15545.28,TRUE,TRUE,TRUE,TRUE
3230,13.6,102.53,15577.57,TRUE,TRUE,TRUE,TRUE
3236,13.58,101.87,15612.76,TRUE,TRUE,TRUE,TRUE
3242,13.48,101.38,15639.18,TRUE,TRUE,TRUE,TRUE
3249,13.45,100.78,15671.53,TRUE,TRUE,TRUE,TRUE
3255,13.39,100.13,15706.55,TRUE,TRUE,TRUE,TRUE
3261,13.29,99.5,15740.94,TRUE,TRUE,TRUE,TRUE
3267,13.24,98.68,15786.23,TRUE,TRUE,TRUE,TRUE
3273,13.24,98.07,15819.55,TRUE,TRUE,TRUE,TRUE
3280,13.17,97.51,15850.5,TRUE,TRUE,TRUE,TRUE
3286,13.13,97.01,15878.81,TRUE,TRUE,TRUE,TRUE
3292,13.04,96.43,15911.25,TRUE,TRUE,TRUE,TRUE
3298,12.99,95.92,15939.95,TRUE,TRUE,TRUE,TRUE
3304,12.91,95.37,15970.91,TRUE,TRUE,TRUE,TRUE
3311,12.88,94.81,16002.27,TRUE,TRUE,TRUE,TRUE
3317,12.83,94.26,16033.86,TRUE,TRUE,TRUE,TRUE
3323,12.8,93.7,16065.86,TRUE,TRUE,TRUE,TRUE
3329,12.74,93.22,16093.3,TRUE,TRUE,TRUE,TRUE
3335,12.68,92.66,16125.75,TRUE,TRUE,TRUE,TRUE
3342,12.59,92.03,16162.32,TRUE,TRUE,TRUE,TRUE
3348,12.59,91.47,16194.96,TRUE,TRUE,TRUE,TRUE
3354,12.56,90.91,16228,TRUE,TRUE,TRUE,TRUE
3360,12.5,90.36,16260.31,TRUE,TRUE,TRUE,TRUE
3366,12.44,89.9,16287.9,TRUE,TRUE,TRUE,TRUE
3373,12.39,89.3,16323.48,TRUE,TRUE,TRUE,TRUE
3379,12.33,88.83,16351.75,TRUE,TRUE,TRUE,TRUE
3385,12.3,88.35,16380.19,TRUE,TRUE,TRUE,TRUE
3391,12.27,87.73,16417.81,TRUE,TRUE,TRUE,TRUE
3397,12.22,87.22,16448.93,TRUE,TRUE,TRUE,TRUE
3404,12.15,86.66,16483.04,TRUE,TRUE,TRUE,TRUE
3410,12.07,86.18,16512.44,TRUE,TRUE,TRUE,TRUE
3416,12.03,85.7,16541.87,TRUE,TRUE,TRUE,TRUE
3422,12.02,85.26,16568.9,TRUE,TRUE,TRUE,TRUE
3428,11.98,84.68,16605,TRUE,TRUE,TRUE,TRUE
3435,11.94,84.22,16633.73,TRUE,TRUE,TRUE,TRUE
3441,11.88,83.69,16666.91,TRUE,TRUE,TRUE,TRUE
3447,11.81,83.3,16691.56,TRUE,TRUE,TRUE,TRUE
3453,11.78,82.86,16719.44,TRUE,TRUE,TRUE,TRUE
3459,11.72,82.48,16743.52,TRUE,TRUE,TRUE,TRUE
3466,11.7,82.05,16771.39,TRUE,TRUE,TRUE,TRUE
3472,11.63,81.61,16799.01,TRUE,TRUE,TRUE,TRUE
3478,11.55,81.15,16829.12,TRUE,TRUE,TRUE,TRUE
3484,11.51,80.64,16861.81,TRUE,TRUE,TRUE,TRUE
3490,11.48,80.17,16892.26,TRUE,TRUE,TRUE,TRUE
3497,11.44,79.66,16925.5,TRUE,TRUE,TRUE,TRUE
3503,11.38,79.26,16951.96,TRUE,TRUE,TRUE,TRUE
3509,11.34,78.73,16987.15,TRUE,TRUE,TRUE,TRUE
3515,11.31,78.27,17017.47,TRUE,TRUE,TRUE,TRUE
3521,11.28,77.79,17049.12,TRUE,TRUE,TRUE,TRUE
3528,11.23,77.33,17079.98,TRUE,TRUE,TRUE,TRUE
3534,11.19,76.89,17109.86,TRUE,TRUE,TRUE,TRUE
3540,11.14,76.4,17143,TRUE,TRUE,TRUE,TRUE
3546,11.11,75.88,17178.33,TRUE,TRUE,TRUE,TRUE
3552,11.06,75.42,17209.56,TRUE,TRUE,TRUE,TRUE
3559,11.01,74.98,17239.78,TRUE,TRUE,TRUE,TRUE
3565,10.99,74.59,17266.72,TRUE,TRUE,TRUE,TRUE
3571,10.9,74.06,17303.38,TRUE,TRUE,TRUE,TRUE
3577,10.88,73.65,17331.48,TRUE,TRUE,TRUE,TRUE
3583,10.89,73.27,17357.98,TRUE,TRUE,TRUE,TRUE
3590,10.83,72.79,17391.74,TRUE,TRUE,TRUE,TRUE
3596,10.77,72.4,17419.38,TRUE,TRUE,TRUE,TRUE
3602,10.72,71.95,17451.77,TRUE,TRUE,TRUE,TRUE
3608,10.72,71.46,17486.46,TRUE,TRUE,TRUE,TRUE
3614,10.68,71.02,17517.75,TRUE,TRUE,TRUE,TRUE
3621,10.63,70.62,17546.79,TRUE,TRUE,TRUE,TRUE
3627,10.59,70.2,17577.34,TRUE,TRUE,TRUE,TRUE
3633,10.59,69.81,17605.73,TRUE,TRUE,TRUE,TRUE
3639,10.57,69.4,17635.37,TRUE,TRUE,TRUE,TRUE
3645,10.57,68.85,17675.95,TRUE,TRUE,TRUE,TRUE
3652,10.51,68.4,17709.3,TRUE,TRUE,TRUE,TRUE
3658,10.43,68,17738.67,TRUE,TRUE,TRUE,TRUE
3664,10.43,67.64,17765.58,TRUE,TRUE,TRUE,TRUE
3670,10.43,67.2,17798.82,TRUE,TRUE,TRUE,TRUE
3676,10.38,66.77,17831.13,TRUE,TRUE,TRUE,TRUE
3683,10.36,66.39,17859.49,TRUE,TRUE,TRUE,TRUE
3689,10.29,66,17889.1,TRUE,TRUE,TRUE,TRUE
3695,10.22,65.55,17923.75,TRUE,TRUE,TRUE,TRUE
3701,10.17,65.18,17951.95,TRUE,TRUE,TRUE,TRUE
3707,10.15,64.79,17982.33,TRUE,TRUE,TRUE,TRUE
3714,10.13,64.37,18014.5,TRUE,TRUE,TRUE,TRUE
3720,10.11,64.05,18040.18,TRUE,TRUE,TRUE,TRUE
3726,10.09,63.71,18066.53,TRUE,TRUE,TRUE,TRUE
3732,10.05,63.36,18094.18,TRUE,TRUE,TRUE,TRUE
3738,9.98,63,18122.66,TRUE,TRUE,TRUE,TRUE
3745,9.92,62.57,18156.62,TRUE,TRUE,TRUE,TRUE
3751,9.86,62.24,18182.65,TRUE,TRUE,TRUE,TRUE
3757,9.84,61.92,18208.74,TRUE,TRUE,TRUE,TRUE
3763,9.83,61.55,18238.3,TRUE,TRUE,TRUE,TRUE
3769,9.8,61.22,18264.53,TRUE,TRUE,TRUE,TRUE
3776,9.76,60.86,18294.1,TRUE,TRUE,TRUE,TRUE
3782,9.74,60.53,18321.24,TRUE,TRUE,TRUE,TRUE
3788,9.69,60.14,18353.01,TRUE,TRUE,TRUE,TRUE
3794,9.67,59.82,18379.06,TRUE,TRUE,TRUE,TRUE
3800,9.64,59.47,18408.23,TRUE,TRUE,TRUE,TRUE
3807,9.63,59.16,18434.51,TRUE,TRUE,TRUE,TRUE
3813,9.61,58.87,18458.13,TRUE,TRUE,TRUE,TRUE
3819,9.58,58.5,18488.97,TRUE,TRUE,TRUE,TRUE
3825,9.55,58.2,18514.66,TRUE,TRUE,TRUE,TRUE
3831,9.5,57.9,18540.33,TRUE,TRUE,TRUE,TRUE
3838,9.47,57.59,18565.93,TRUE,TRUE,TRUE,TRUE
3844,9.47,57.32,18589.61,TRUE,TRUE,TRUE,TRUE
3850,9.47,57.02,18614.78,TRUE,TRUE,TRUE,TRUE
3856,9.45,56.67,18645.51,TRUE,TRUE,TRUE,TRUE
3862,9.43,56.38,18669.94,TRUE,TRUE,TRUE,TRUE
3869,9.39,56.11,18693.62,TRUE,TRUE,TRUE,TRUE
3875,9.38,55.87,18714.97,TRUE,TRUE,TRUE,TRUE
3881,9.33,55.49,18747.57,TRUE,TRUE,TRUE,TRUE
3887,9.31,55.32,18763.07,TRUE,TRUE,TRUE,TRUE
3893,9.31,55.01,18789.72,TRUE,TRUE,TRUE,TRUE
3900,9.28,54.71,18817,TRUE,TRUE,TRUE,TRUE
3906,9.25,54.41,18843.71,TRUE,TRUE,TRUE,TRUE
3912,9.22,54.13,18868.06,TRUE,TRUE,TRUE,TRUE
3918,9.19,53.83,18895.18,TRUE,TRUE,TRUE,TRUE
3924,9.16,53.56,18919.23,TRUE,TRUE,TRUE,TRUE
3931,9.13,53.28,18945.3,TRUE,TRUE,TRUE,TRUE
3937,9.14,53.02,18968.25,TRUE,TRUE,TRUE,TRUE
3943,9.14,52.81,18987.74,TRUE,TRUE,TRUE,TRUE
3949,9.14,52.46,19019.82,TRUE,TRUE,TRUE,TRUE
3955,9.09,52.23,19040.91,TRUE,TRUE,TRUE,TRUE
3962,9.07,51.89,19072.35,TRUE,TRUE,TRUE,TRUE
3968,9.12,51.57,19101.73,TRUE,TRUE,TRUE,TRUE
3974,9.11,51.31,19126.02,TRUE,TRUE,TRUE,TRUE
3980,9.09,50.94,19160.58,TRUE,TRUE,TRUE,TRUE
3986,9.06,50.69,19184.91,TRUE,TRUE,TRUE,TRUE
3993,9.07,50.4,19211.96,TRUE,TRUE,TRUE,TRUE
3999,9.08,50.08,19242.04,TRUE,TRUE,TRUE,TRUE
4005,9.05,49.78,19270.56,TRUE,TRUE,TRUE,TRUE
4011,9.03,49.45,19302.76,TRUE,TRUE,TRUE,TRUE
4017,9.06,49.14,19333.05,TRUE,TRUE,TRUE,TRUE
4024,9.04,48.83,19362.98,TRUE,TRUE,TRUE,TRUE
4030,9.03,48.54,19391.13,TRUE,TRUE,TRUE,TRUE
4036,9.03,48.15,19428.96,TRUE,TRUE,TRUE,TRUE
4042,9,47.8,19463.64,TRUE,TRUE,TRUE,TRUE
4048,9.01,47.56,19487.65,TRUE,TRUE,TRUE,TRUE
4055,9.01,47.26,19517.97,TRUE,TRUE,TRUE,TRUE
4061,9,46.92,19551.7,TRUE,TRUE,TRUE,TRUE
4067,8.97,46.6,19583.53,TRUE,TRUE,TRUE,TRUE
4073,8.98,46.29,19614.87,TRUE,TRUE,TRUE,TRUE
4079,8.95,45.99,19646.11,TRUE,TRUE,TRUE,TRUE
4086,8.89,45.67,19678.2,TRUE,TRUE,TRUE,TRUE
4092,8.92,45.44,19702.12,TRUE,TRUE,TRUE,TRUE
4098,8.92,45.16,19731.38,TRUE,TRUE,TRUE,TRUE
4104,8.92,44.82,19766.31,TRUE,TRUE,TRUE,TRUE
4110,8.89,44.49,19801.56,TRUE,TRUE,TRUE,TRUE
4117,8.88,44.27,19824.29,TRUE,TRUE,TRUE,TRUE
4123,8.84,44.01,19851.86,TRUE,TRUE,TRUE,TRUE
4129,8.84,43.79,19874.95,TRUE,TRUE,TRUE,TRUE
4135,8.85,43.5,19905.8,TRUE,TRUE,TRUE,TRUE
4141,8.84,43.24,19933.28,TRUE,TRUE,TRUE,TRUE
4148,8.87,43.01,19958.51,TRUE,TRUE,TRUE,TRUE
4154,8.84,42.78,19982.84,TRUE,TRUE,TRUE,TRUE
4160,8.81,42.58,20005.02,TRUE,TRUE,TRUE,TRUE
4166,8.78,42.36,20028.61,TRUE,TRUE,TRUE,TRUE
4172,8.75,42.08,20059.27,TRUE,TRUE,TRUE,TRUE
4179,8.78,41.91,20078.01,TRUE,TRUE,TRUE,TRUE
4185,8.76,41.65,20106.76,TRUE,TRUE,TRUE,TRUE
4191,8.78,41.53,20120.6,TRUE,TRUE,TRUE,TRUE
4197,8.74,41.28,20148.25,TRUE,TRUE,TRUE,TRUE
4203,8.69,41.02,20176.65,TRUE,TRUE,TRUE,TRUE
4210,8.7,40.86,20194.85,TRUE,TRUE,TRUE,TRUE
4216,8.7,40.63,20221.53,TRUE,TRUE,TRUE,TRUE
4222,8.71,40.43,20243.31,TRUE,TRUE,TRUE,TRUE
4228,8.69,40.24,20265.66,TRUE,TRUE,TRUE,TRUE
4234,8.67,40.02,20290.3,TRUE,TRUE,TRUE,TRUE
4240,8.64,39.76,20319.95,TRUE,TRUE,TRUE,TRUE
4247,8.64,39.59,20339.3,TRUE,TRUE,TRUE,TRUE
4253,8.64,39.39,20362.34,TRUE,TRUE,TRUE,TRUE
4259,8.66,39.16,20389.38,TRUE,TRUE,TRUE,TRUE
4265,8.66,38.96,20412.45,TRUE,TRUE,TRUE,TRUE
4271,8.63,38.79,20432.38,TRUE,TRUE,TRUE,TRUE
4278,8.63,38.59,20456.05,TRUE,TRUE,TRUE,TRUE
4284,8.59,38.34,20485.55,TRUE,TRUE,TRUE,TRUE
4290,8.62,38.13,20511.05,TRUE,TRUE,TRUE,TRUE
4296,8.61,37.98,20528.95,TRUE,TRUE,TRUE,TRUE
4302,8.58,37.64,20569.01,TRUE,TRUE,TRUE,TRUE
4309,8.59,37.46,20591.32,TRUE,TRUE,TRUE,TRUE
4315,8.59,37.26,20615.24,TRUE,TRUE,TRUE,TRUE
4321,8.59,36.99,20647.64,TRUE,TRUE,TRUE,TRUE
4327,8.57,36.79,20672.5,TRUE,TRUE,TRUE,TRUE
4333,8.53,36.47,20711.41,TRUE,TRUE,TRUE,TRUE
4340,8.54,36.27,20736.5,TRUE,TRUE,TRUE,TRUE
4346,8.55,36.07,20761.25,TRUE,TRUE,TRUE,TRUE
4352,8.56,35.78,20797.6,TRUE,TRUE,TRUE,TRUE
4358,8.54,35.61,20818.46,TRUE,TRUE,TRUE,TRUE
4364,8.5,35.32,20854.62,TRUE,TRUE,TRUE,TRUE
4371,8.48,35.13,20878.83,TRUE,TRUE,TRUE,TRUE
4377,8.46,34.83,20917.37,TRUE,TRUE,TRUE,TRUE
4383,8.5,34.76,20926.13,TRUE,TRUE,TRUE,TRUE
4389,8.5,34.51,20958.36,TRUE,TRUE,TRUE,TRUE
4395,8.5,34.3,20985.29,TRUE,TRUE,TRUE,TRUE
4402,8.49,34.09,21013.05,TRUE,TRUE,TRUE,TRUE
4408,8.46,33.89,21038.45,TRUE,TRUE,TRUE,TRUE
4414,8.46,33.68,21066.71,TRUE,TRUE,TRUE,TRUE
4420,8.48,33.57,21081.32,TRUE,TRUE,TRUE,TRUE
4426,8.5,33.37,21107.9,TRUE,TRUE,TRUE,TRUE
4433,8.5,33.2,21130.63,TRUE,TRUE,TRUE,TRUE
4439,8.47,33.07,21146.92,TRUE,TRUE,TRUE,TRUE
4445,8.47,32.89,21171.23,TRUE,TRUE,TRUE,TRUE
4451,8.45,32.73,21193.32,TRUE,TRUE,TRUE,TRUE
4458,8.44,32.57,21214.52,TRUE,TRUE,TRUE,TRUE
4464,8.47,32.42,21234.33,TRUE,TRUE,TRUE,TRUE
4470,8.47,32.22,21261.92,TRUE,TRUE,TRUE,TRUE
4476,8.47,32.04,21286.05,TRUE,TRUE,TRUE,TRUE
4482,8.47,31.86,21310.76,TRUE,TRUE,TRUE,TRUE
4489,8.45,31.78,21322.21,TRUE,TRUE,TRUE,TRUE
4495,8.44,31.53,21356.64,TRUE,TRUE,TRUE,TRUE
4501,8.47,31.37,21379.44,TRUE,TRUE,TRUE,TRUE
4507,8.48,31.29,21389.77,TRUE,TRUE,TRUE,TRUE
4513,8.48,31.01,21429.34,TRUE,TRUE,TRUE,TRUE
4520,8.47,30.94,21438.54,TRUE,TRUE,TRUE,TRUE
4526,8.46,30.79,21460.98,TRUE,TRUE,TRUE,TRUE
4532,8.45,30.59,21488.27,TRUE,TRUE,TRUE,TRUE
4538,8.47,30.44,21509.63,TRUE,TRUE,TRUE,TRUE
4544,8.47,30.23,21539.95,TRUE,TRUE,TRUE,TRUE
4551,8.47,30.02,21570.95,TRUE,TRUE,TRUE,TRUE
4557,8.5,29.83,21597.77,TRUE,TRUE,TRUE,TRUE
4563,8.46,29.68,21619.61,TRUE,TRUE,TRUE,TRUE
4569,8.45,29.43,21656,TRUE,TRUE,TRUE,TRUE
4575,8.51,29.28,21678.82,TRUE,TRUE,TRUE,TRUE
4582,8.51,29.06,21710.12,TRUE,TRUE,TRUE,TRUE
4588,8.51,28.9,21733.72,TRUE,TRUE,TRUE,TRUE
4594,8.5,28.7,21763.77,TRUE,TRUE,TRUE,TRUE
4600,8.51,28.51,21792.91,TRUE,TRUE,TRUE,TRUE
4606,8.52,28.39,21810.22,TRUE,TRUE,TRUE,TRUE
4613,8.54,28.21,21838.29,TRUE,TRUE,TRUE,TRUE
4619,8.54,27.98,21872.72,TRUE,TRUE,TRUE,TRUE
4625,8.54,27.8,21901.39,TRUE,TRUE,TRUE,TRUE
4631,8.54,27.63,21926.96,TRUE,TRUE,TRUE,TRUE
4637,8.57,27.53,21942.25,TRUE,TRUE,TRUE,TRUE
4644,8.59,27.31,21975.73,TRUE,TRUE,TRUE,TRUE
4650,8.57,27.08,22012.16,TRUE,TRUE,TRUE,TRUE
4656,8.57,26.93,22035.49,TRUE,TRUE,TRUE,TRUE
4662,8.57,26.79,22057.8,TRUE,TRUE,TRUE,TRUE
4668,8.61,26.67,22076.88,TRUE,TRUE,TRUE,TRUE
4675,8.6,26.51,22102.17,TRUE,TRUE,TRUE,TRUE
4681,8.6,26.37,22124.2,TRUE,TRUE,TRUE,TRUE
4687,8.62,26.22,22148.92,TRUE,TRUE,TRUE,TRUE
4693,8.62,26.04,22178.58,TRUE,TRUE,TRUE,TRUE
4699,8.61,25.87,22205.25,TRUE,TRUE,TRUE,TRUE
4705,8.64,25.69,22235.56,TRUE,TRUE,TRUE,TRUE
4712,8.64,25.54,22259.04,TRUE,TRUE,TRUE,TRUE
4718,8.68,25.43,22278.01,TRUE,TRUE,TRUE,TRUE
4724,8.66,25.23,22311.04,TRUE,TRUE,TRUE,TRUE
4730,8.67,25.17,22321.64,TRUE,TRUE,TRUE,TRUE
4736,8.64,25.02,22346.36,TRUE,TRUE,TRUE,TRUE
4743,8.66,24.93,22360.58,TRUE,TRUE,TRUE,TRUE
4749,8.69,24.79,22384.99,TRUE,TRUE,TRUE,TRUE
4755,8.69,24.62,22413.64,TRUE,TRUE,TRUE,TRUE
4761,8.7,24.53,22428.35,TRUE,TRUE,TRUE,TRUE
4767,8.68,24.37,22455.41,TRUE,TRUE,TRUE,TRUE
4774,8.67,24.27,22472.03,TRUE,TRUE,TRUE,TRUE
4780,8.68,24.1,22501.5,TRUE,TRUE,TRUE,TRUE
4786,8.7,23.97,22523.83,TRUE,TRUE,TRUE,TRUE
4792,8.74,23.81,22552.44,TRUE,TRUE,TRUE,TRUE
4798,8.73,23.73,22566.57,TRUE,TRUE,TRUE,TRUE
4805,8.73,23.56,22596.6,TRUE,TRUE,TRUE,TRUE
4811,8.7,23.47,22612.36,TRUE,TRUE,TRUE,TRUE
4817,8.75,23.27,22646.52,TRUE,TRUE,TRUE,TRUE
4823,8.73,23.16,22667.21,TRUE,TRUE,TRUE,TRUE
4829,8.76,23.02,22692.52,TRUE,TRUE,TRUE,TRUE
4836,8.77,22.9,22712.5,TRUE,TRUE,TRUE,TRUE
4842,8.75,22.76,22737.58,TRUE,TRUE,TRUE,TRUE
4848,8.75,22.57,22772.79,TRUE,TRUE,TRUE,TRUE
4854,8.79,22.42,22799.33,TRUE,TRUE,TRUE,TRUE
4860,8.8,22.31,22819.74,TRUE,TRUE,TRUE,TRUE
4867,8.78,22.17,22846,TRUE,TRUE,TRUE,TRUE
4873,8.75,22,22877.65,TRUE,TRUE,TRUE,TRUE
4879,8.81,21.89,22897.87,TRUE,TRUE,TRUE,TRUE
4885,8.81,21.66,22940.2,TRUE,TRUE,TRUE,TRUE
4891,8.79,21.66,22941.48,TRUE,TRUE,TRUE,TRUE
