449,23.55,984.75,153.28,TRUE,TRUE,TRUE,FALSE
455,23.57,981.85,178.1,TRUE,TRUE,TRUE,FALSE
462,23.57,978.37,207.93,TRUE,TRUE,TRUE,FALSE
468,23.59,974.73,239.19,TRUE,TRUE,TRUE,FALSE
474,23.59,970.84,272.76,TRUE,TRUE,TRUE,FALSE
480,23.59,967.06,305.48,TRUE,TRUE,TRUE,FALSE
486,23.59,962.61,344.1,TRUE,TRUE,TRUE,FALSE
493,23.59,958.33,381.36,TRUE,TRUE,TRUE,FALSE
499,23.59,954.12,418.19,TRUE,TRUE,TRUE,FALSE
505,23.6,949.63,457.54,TRUE,TRUE,TRUE,FALSE
511,23.58,945.12,497.29,TRUE,TRUE,TRUE,FALSE
517,23.58,939.81,544.27,TRUE,TRUE,TRUE,FALSE
523,23.59,935.44,583.07,TRUE,TRUE,TRUE,FALSE
530,23.58,930.52,626.91,TRUE,TRUE,TRUE,FALSE
536,23.55,925.42,672.59,TRUE,TRUE,TRUE,FALSE
542,23.53,920.92,713.14,TRUE,TRUE,TRUE,FALSE
548,23.51,916.8,750.27,TRUE,TRUE,TRUE,FALSE
554,23.47,912.38,790.38,TRUE,TRUE,TRUE,FALSE
561,23.44,908.16,828.78,TRUE,TRUE,TRUE,FALSE
567,23.42,904.04,866.41,TRUE,TRUE,TRUE,FALSE
573,23.38,900.16,901.94,TRUE,TRUE,TRUE,FALSE
579,23.35,896.22,938.21,TRUE,TRUE,TRUE,FALSE
585,23.33,892.04,976.74,TRUE,TRUE,TRUE,FALSE
592,23.31,888.23,1012.1,TRUE,TRUE,TRUE,FALSE
598,23.29,884.57,1046.12,TRUE,TRUE,TRUE,FALSE
604,23.26,881.03,1079.14,TRUE,TRUE,TRUE,FALSE
610,23.21,877.63,1110.92,TRUE,TRUE,TRUE,FALSE
616,23.18,873.96,1145.35,TRUE,TRUE,TRUE,FALSE
623,23.17,870.41,1178.78,TRUE,TRUE,TRUE,FALSE
629,23.15,867.13,1209.75,TRUE,TRUE,TRUE,FALSE
635,23.1,863.13,1247.67,TRUE,TRUE,TRUE,FALSE
641,23.08,859.13,1285.82,TRUE,TRUE,TRUE,FALSE
647,23.05,855.02,1325.07,TRUE,TRUE,TRUE,FALSE
654,23.04,851.37,1359.99,TRUE,TRUE,TRUE,FALSE
660,23,847.96,1392.83,TRUE,TRUE,TRUE,FALSE
666,22.95,843.99,1431.17,TRUE,TRUE,TRUE,FALSE
672,22.92,840.16,1468.3,TRUE,TRUE,TRUE,FALSE
678,22.89,836.48,1504.07,TRUE,TRUE,TRUE,FALSE
685,22.89,832.92,1538.77,TRUE,TRUE,TRUE,FALSE
691,22.87,829.38,1573.47,TRUE,TRUE,TRUE,FALSE
697,22.86,826.1,1605.72,TRUE,TRUE,TRUE,FALSE
703,22.84,822.69,1639.36,TRUE,TRUE,TRUE,FALSE
709,22.84,818.95,1676.37,TRUE,TRUE,TRUE,FALSE
716,22.83,815.76,1707.96,TRUE,TRUE,TRUE,FALSE
722,22.79,812.51,1740.33,TRUE,TRUE,TRUE,FALSE
728,22.78,809.05,1774.94,TRUE,TRUE,TRUE,FALSE
734,22.78,805.95,1806.04,TRUE,TRUE,TRUE,FALSE
740,22.76,802.59,1839.8,TRUE,TRUE,TRUE,FALSE
747,22.76,799.48,1871.18,TRUE,TRUE,TRUE,FALSE
753,22.76,796.55,1900.84,TRUE,TRUE,TRUE,FALSE
759,22.76,793.09,1935.92,TRUE,TRUE,TRUE,FALSE
765,22.72,789.85,1969,TRUE,TRUE,TRUE,FALSE
771,22.72,786.46,2003.69,TRUE,TRUE,TRUE,FALSE
778,22.71,783.89,2029.97,TRUE,TRUE,TRUE,FALSE
784,22.7,780.69,2062.95,TRUE,TRUE,TRUE,FALSE
790,22.68,777.69,2093.87,TRUE,TRUE,TRUE,FALSE
796,22.67,775.03,2121.36,TRUE,TRUE,TRUE,FALSE
802,22.65,771.83,2154.64,TRUE,TRUE,TRUE,FALSE
809,22.62,768.99,2184.21,TRUE,TRUE,TRUE,FALSE
815,22.61,766.17,2213.69,TRUE,TRUE,TRUE,FALSE
821,22.6,763.06,2246.23,TRUE,TRUE,TRUE,FALSE
827,22.58,760.57,2272.42,TRUE,TRUE,TRUE,FALSE
833,22.53,757.23,2307.62,TRUE,TRUE,TRUE,FALSE
840,22.51,754.17,2339.96,TRUE,TRUE,TRUE,FALSE
846,22.46,751.35,2369.84,TRUE,TRUE,TRUE,FALSE
852,22.42,748.14,2404.04,TRUE,TRUE,TRUE,FALSE
858,22.4,745.41,2433.19,TRUE,TRUE,TRUE,FALSE
864,22.32,742.09,2468.75,TRUE,TRUE,TRUE,FALSE
871,22.28,739.32,2498.53,TRUE,TRUE,TRUE,FALSE
877,22.22,736.14,2532.83,TRUE,TRUE,TRUE,FALSE
883,22.2,732.71,2569.97,TRUE,TRUE,TRUE,FALSE
889,22.17,729.91,2600.44,TRUE,TRUE,TRUE,FALSE
895,22.14,727.28,2629.11,TRUE,TRUE,TRUE,FALSE
902,22.12,724.34,2661.23,TRUE,TRUE,TRUE,FALSE
908,22.12,721.7,2690.15,TRUE,TRUE,TRUE,FALSE
914,22.09,718.85,2721.5,TRUE,TRUE,TRUE,FALSE
920,22.09,715.6,2757.4,TRUE,TRUE,TRUE,FALSE
926,22.09,712.58,2790.75,TRUE,TRUE,TRUE,FALSE
933,22.06,709.09,2829.63,TRUE,TRUE,TRUE,FALSE
939,22.05,705.42,2870.51,TRUE,TRUE,TRUE,FALSE
945,22.02,702.15,2907.15,TRUE,TRUE,TRUE,FALSE
951,22.01,699.42,2937.87,TRUE,TRUE,TRUE,FALSE
957,21.97,696.72,2968.34,TRUE,TRUE,TRUE,FALSE
964,21.96,693.93,2999.86,TRUE,TRUE,TRUE,FALSE
970,21.94,690.65,3037.11,TRUE,TRUE,TRUE,FALSE
976,21.92,687.85,3069.02,TRUE,TRUE,TRUE,FALSE
982,21.92,684.94,3102.3,TRUE,TRUE,TRUE,FALSE
988,21.91,682.09,3135.01,TRUE,TRUE,TRUE,FALSE
995,21.9,678.87,3172.13,TRUE,TRUE,TRUE,FALSE
1001,21.91,676.41,3200.49,TRUE,TRUE,TRUE,FALSE
1007,21.9,673.39,3235.52,TRUE,TRUE,TRUE,FALSE
1013,21.88,670.66,3267.27,TRUE,TRUE,TRUE,FALSE
1019,21.86,668.02,3298.17,TRUE,TRUE,TRUE,FALSE
1026,21.83,664.75,3336.37,TRUE,TRUE,TRUE,FALSE
1032,21.83,662.03,3368.42,TRUE,TRUE,TRUE,FALSE
1038,21.8,659.19,3401.84,TRUE,TRUE,TRUE,FALSE
1044,21.78,656.38,3435.1,TRUE,TRUE,TRUE,FALSE
1050,21.76,653.54,3468.89,TRUE,TRUE,TRUE,FALSE
1057,21.76,651.16,3497.18,TRUE,TRUE,TRUE,FALSE
1063,21.76,648.04,3534.5,TRUE,TRUE,TRUE,FALSE
1069,21.74,645.37,3566.59,TRUE,TRUE,TRUE,FALSE
1075,21.7,642.64,3599.42,TRUE,TRUE,TRUE,FALSE
1081,21.68,639.9,3632.5,TRUE,TRUE,TRUE,FALSE
1088,21.66,636.8,3670.15,TRUE,TRUE,TRUE,FALSE
1094,21.63,633.85,3706.05,TRUE,TRUE,TRUE,FALSE
1100,21.61,630.94,3741.64,TRUE,TRUE,TRUE,FALSE
1106,21.61,628.69,3769.24,TRUE,TRUE,TRUE,FALSE
1112,21.59,625.91,3803.38,TRUE,TRUE,TRUE,FALSE
1119,21.57,623.28,3835.87,TRUE,TRUE,TRUE,FALSE
1125,21.57,620.73,3867.43,TRUE,TRUE,TRUE,FALSE
1131,21.58,617.75,3904.5,TRUE,TRUE,TRUE,FALSE
1137,21.55,615.11,3937.45,TRUE,TRUE,TRUE,FALSE
1143,21.53,612.17,3974.22,TRUE,TRUE,TRUE,FALSE
1150,21.49,609.41,4008.84,TRUE,TRUE,TRUE,FALSE
1156,21.47,606.59,4044.43,TRUE,TRUE,TRUE,FALSE
1162,21.45,604.41,4072.04,TRUE,TRUE,TRUE,FALSE
1168,21.43,601.8,4105.13,TRUE,TRUE,TRUE,FALSE
1174,21.41,599.23,4137.97,TRUE,TRUE,TRUE,FALSE
1181,21.41,596.46,4173.36,TRUE,TRUE,TRUE,FALSE
1187,21.37,593.77,4207.92,TRUE,TRUE,TRUE,FALSE
1193,21.33,591.2,4240.99,TRUE,TRUE,TRUE,FALSE
1199,21.31,588.55,4275.3,TRUE,TRUE,TRUE,FALSE
1205,21.27,586.37,4303.46,TRUE,TRUE,TRUE,FALSE
1212,21.28,583.79,4337.04,TRUE,TRUE,TRUE,FALSE
1218,21.25,581.42,4368.04,TRUE,TRUE,TRUE,FALSE
1224,21.24,578.4,4407.6,TRUE,TRUE,TRUE,FALSE
1230,21.18,576.11,4437.72,TRUE,TRUE,TRUE,FALSE
1236,21.16,573.34,4474.36,TRUE,TRUE,TRUE,FALSE
1243,21.1,570.41,4513.16,TRUE,TRUE,TRUE,FALSE
1249,21.06,567.78,4548.22,TRUE,TRUE,TRUE,FALSE
1255,21.05,565.04,4584.7,TRUE,TRUE,TRUE,FALSE
1261,21.02,562.16,4623.43,TRUE,TRUE,TRUE,FALSE
1267,20.98,559.38,4660.89,TRUE,TRUE,TRUE,FALSE
1274,20.94,557.29,4689.03,TRUE,TRUE,TRUE,FALSE
1280,20.9,554.67,4724.64,TRUE,TRUE,TRUE,FALSE
1286,20.82,551.67,4765.52,TRUE,TRUE,TRUE,FALSE
1292,20.81,548.88,4803.62,TRUE,TRUE,TRUE,FALSE
1298,20.72,546.26,4839.53,TRUE,TRUE,TRUE,FALSE
1305,20.67,543.82,4873.2,TRUE,TRUE,TRUE,FALSE
1311,20.64,541.49,4905.45,TRUE,TRUE,TRUE,FALSE
1317,20.6,539.1,4938.56,TRUE,TRUE,TRUE,FALSE
1323,20.58,536.51,4974.74,TRUE,TRUE,TRUE,FALSE
1329,20.54,534,5009.8,TRUE,TRUE,TRUE,FALSE
1336,20.52,531.56,5044.1,TRUE,TRUE,TRUE,FALSE
1342,20.48,529.15,5078.05,TRUE,TRUE,TRUE,FALSE
1348,20.43,526.78,5111.5,TRUE,TRUE,TRUE,FALSE
1354,20.4,524.13,5149.09,TRUE,TRUE,TRUE,FALSE
1360,20.31,521.69,5183.97,TRUE,TRUE,TRUE,FALSE
1367,20.24,519.27,5218.54,TRUE,TRUE,TRUE,FALSE
1373,20.17,516.7,5255.51,TRUE,TRUE,TRUE,FALSE
1379,20.12,514.53,5286.74,TRUE,TRUE,TRUE,FALSE
1385,20.09,512.13,5321.42,TRUE,TRUE,TRUE,FALSE
1391,20.05,509.76,5355.82,TRUE,TRUE,TRUE,FALSE
1398,20.01,507.05,5395.38,TRUE,TRUE,TRUE,FALSE
1404,19.96,504.23,5436.69,TRUE,TRUE,TRUE,FALSE
1410,19.92,502.03,5469.04,TRUE,TRUE,TRUE,FALSE
1416,19.84,499.49,5506.55,TRUE,TRUE,TRUE,FALSE
1422,19.75,497.07,5542.36,TRUE,TRUE,TRUE,FALSE
1429,19.7,494.76,5576.81,TRUE,TRUE,TRUE,FALSE
1435,19.59,492.51,5610.34,TRUE,TRUE,TRUE,FALSE
1441,19.52,490.44,5641.35,TRUE,TRUE,TRUE,FALSE
1447,19.5,488.02,5677.75,TRUE,TRUE,TRUE,FALSE
1453,19.45,485.37,5717.79,TRUE,TRUE,TRUE,FALSE
1460,19.4,483.27,5749.72,TRUE,TRUE,TRUE,FALSE
1466,19.35,480.94,5785.14,TRUE,TRUE,TRUE,FALSE
1472,19.3,478.86,5816.85,TRUE,TRUE,TRUE,FALSE
1478,19.25,476.47,5853.58,TRUE,TRUE,TRUE,FALSE
1484,19.17,474.28,5887.34,TRUE,TRUE,TRUE,FALSE
1491,19.09,472.02,5922.19,TRUE,TRUE,TRUE,FALSE
1497,19.02,469.76,5957.24,TRUE,TRUE,TRUE,FALSE
1503,18.95,467.43,5993.63,TRUE,TRUE,TRUE,FALSE
1509,18.91,465.03,6031.02,TRUE,TRUE,TRUE,FALSE
1515,18.86,463,6062.99,TRUE,TRUE,TRUE,FALSE
1522,18.82,460.61,6100.55,TRUE,TRUE,TRUE,FALSE
1528,18.76,458.06,6140.92,TRUE,TRUE,TRUE,FALSE
1534,18.71,456,6173.71,TRUE,TRUE,TRUE,FALSE
1540,18.68,453.67,6210.9,TRUE,TRUE,TRUE,FALSE
1546,18.6,451.43,6246.75,TRUE,TRUE,TRUE,FALSE
1553,18.55,449.18,6283.06,TRUE,TRUE,TRUE,FALSE
1559,18.51,446.82,6321.05,TRUE,TRUE,TRUE,FALSE
1565,18.44,444.86,6352.89,TRUE,TRUE,TRUE,FALSE
1571,18.34,442.6,6389.75,TRUE,TRUE,TRUE,FALSE
1577,18.31,440.78,6419.43,TRUE,TRUE,TRUE,FALSE
1584,18.25,438.37,6458.92,TRUE,TRUE,TRUE,FALSE
1590,18.17,436.33,6492.6,TRUE,TRUE,TRUE,FALSE
1596,18.06,434,6531.14,TRUE,TRUE,TRUE,FALSE
1602,18.03,432.08,6562.9,TRUE,TRUE,TRUE,FALSE
1608,17.98,429.94,6598.57,TRUE,TRUE,TRUE,FALSE
1615,17.91,428.16,6628.38,TRUE,TRUE,TRUE,FALSE
1621,17.88,425.93,6665.89,TRUE,TRUE,TRUE,FALSE
1627,17.83,423.46,6707.47,TRUE,TRUE,TRUE,FALSE
1633,17.81,421.52,6740.39,TRUE,TRUE,TRUE,FALSE
1639,17.77,419.18,6780.15,TRUE,TRUE,TRUE,FALSE
1646,17.74,416.88,6819.4,TRUE,TRUE,TRUE,FALSE
1652,17.72,414.9,6853.41,TRUE,TRUE,TRUE,FALSE
1658,17.64,412.8,6889.58,TRUE,TRUE,TRUE,FALSE
1664,17.62,410.63,6927.18,TRUE,TRUE,TRUE,FALSE
1670,17.56,408.54,6963.52,TRUE,TRUE,TRUE,FALSE
1677,17.47,406.62,6996.89,TRUE,TRUE,TRUE,FALSE
1683,17.42,404.6,7032.37,TRUE,TRUE,TRUE,FALSE
1689,17.32,402.65,7066.49,TRUE,TRUE,TRUE,FALSE
1695,17.28,400.51,7104.28,TRUE,TRUE,TRUE,FALSE
1701,17.19,398.31,7143.35,TRUE,TRUE,TRUE,FALSE
1708,17.13,396.25,7179.96,TRUE,TRUE,TRUE,FALSE
1714,17.08,394.45,7212.14,TRUE,TRUE,TRUE,FALSE
1720,17.02,392.43,7248.51,TRUE,TRUE,TRUE,FALSE
1726,16.99,390.06,7291.19,TRUE,TRUE,TRUE,FALSE
1732,16.94,387.88,7330.7,TRUE,TRUE,TRUE,FALSE
1739,16.91,385.99,7364.96,TRUE,TRUE,TRUE,FALSE
1745,16.89,384.28,7396.17,TRUE,TRUE,TRUE,FALSE
1751,16.86,382.26,7433.32,TRUE,TRUE,TRUE,FALSE
1757,16.85,380.49,7465.74,TRUE,TRUE,TRUE,FALSE
1763,16.83,378.52,7502.13,TRUE,TRUE,TRUE,FALSE
1770,16.8,376.59,7537.98,TRUE,TRUE,TRUE,FALSE
1776,16.76,375.01,7567.48,TRUE,TRUE,TRUE,FALSE
1782,16.72,372.82,7608.39,TRUE,TRUE,TRUE,FALSE
1788,16.71,370.57,7650.61,TRUE,TRUE,TRUE,FALSE
1794,16.64,368.62,7687.39,TRUE,TRUE,TRUE,FALSE
1801,16.59,366.71,7723.75,TRUE,TRUE,TRUE,FALSE
1807,16.49,365,7756.14,TRUE,TRUE,TRUE,FALSE
1813,16.37,362.83,7797.8,TRUE,TRUE,TRUE,FALSE
1819,16.3,360.6,7840.52,TRUE,TRUE,TRUE,FALSE
1825,16.17,358.74,7876.46,TRUE,TRUE,TRUE,FALSE
1832,16.03,356.65,7917,TRUE,TRUE,TRUE,FALSE
1838,15.97,354.56,7957.62,TRUE,TRUE,TRUE,FALSE
1844,15.82,352.36,8000.66,TRUE,TRUE,TRUE,FALSE
1850,15.68,350.23,8042.64,TRUE,TRUE,TRUE,FALSE
1856,15.62,348.26,8081.48,TRUE,TRUE,TRUE,FALSE
1863,15.54,346.16,8123.28,TRUE,TRUE,TRUE,FALSE
1869,15.48,344.63,8153.82,TRUE,TRUE,TRUE,FALSE
1875,15.43,342.77,8191,TRUE,TRUE,TRUE,FALSE
1881,15.4,340.71,8232.46,TRUE,TRUE,TRUE,FALSE
1887,15.34,338.66,8273.79,TRUE,TRUE,TRUE,FALSE
1894,15.31,337.12,8305.02,TRUE,TRUE,TRUE,FALSE
1900,15.27,335.16,8345.09,TRUE,TRUE,TRUE,FALSE
1906,15.23,333.44,8380.15,TRUE,TRUE,TRUE,FALSE
1912,15.22,331.61,8417.96,TRUE,TRUE,TRUE,FALSE
1918,15.16,329.63,8458.78,TRUE,TRUE,TRUE,FALSE
1925,15.12,327.84,8495.94,TRUE,TRUE,TRUE,FALSE
1931,15.07,326.11,8532.09,TRUE,TRUE,TRUE,FALSE
1937,15.03,324.63,8562.88,TRUE,TRUE,TRUE,FALSE
1943,14.96,322.61,8605.45,TRUE,TRUE,TRUE,FALSE
1949,14.89,320.56,8648.76,TRUE,TRUE,TRUE,FALSE
1956,14.81,318.71,8687.95,TRUE,TRUE,TRUE,FALSE
1962,14.72,316.89,8726.74,TRUE,TRUE,TRUE,FALSE
1968,14.62,315.27,8761.51,TRUE,TRUE,TRUE,FALSE
1974,14.57,313.34,8803.11,TRUE,TRUE,TRUE,FALSE
1980,14.44,311.4,8845.03,TRUE,TRUE,TRUE,FALSE
1987,14.38,309.52,8885.95,TRUE,TRUE,TRUE,FALSE
1993,14.29,307.61,8927.61,TRUE,TRUE,TRUE,FALSE
1999,14.19,305.45,8975.05,TRUE,TRUE,TRUE,FALSE
2005,14.12,304.05,9006.07,TRUE,TRUE,TRUE,FALSE
2011,14.05,302.21,9046.76,TRUE,TRUE,TRUE,FALSE
2018,14,300.49,9085.1,TRUE,TRUE,TRUE,FALSE
2024,13.98,299.31,9111.45,TRUE,TRUE,TRUE,FALSE
2030,13.89,297.67,9148.13,TRUE,TRUE,TRUE,FALSE
2036,13.86,296.2,9181.27,TRUE,TRUE,TRUE,FALSE
2042,13.78,294.34,9223.37,TRUE,TRUE,TRUE,FALSE
2049,13.7,292.3,9269.92,TRUE,TRUE,TRUE,FALSE
2055,13.64,290.82,9303.71,TRUE,TRUE,TRUE,FALSE
2061,13.6,289.18,9341.38,TRUE,TRUE,TRUE,FALSE
2067,13.57,287.75,9374.49,TRUE,TRUE,TRUE,FALSE
2073,13.43,286.11,9412.32,TRUE,TRUE,TRUE,FALSE
2080,13.37,284.41,9452.02,TRUE,TRUE,TRUE,FALSE
2086,13.3,282.58,9494.76,TRUE,TRUE,TRUE,FALSE
2092,13.22,281.32,9524.48,TRUE,TRUE,TRUE,FALSE
2098,13.16,279.51,9567.24,TRUE,TRUE,TRUE,FALSE
2104,13.1,278.19,9598.43,TRUE,TRUE,TRUE,FALSE
2111,12.99,276.32,9642.97,TRUE,TRUE,TRUE,FALSE
2117,12.92,274.74,9680.92,TRUE,TRUE,TRUE,FALSE
2123,12.88,273.44,9712.05,TRUE,TRUE,TRUE,FALSE
2129,12.81,271.6,9756.65,TRUE,TRUE,TRUE,FALSE
2135,12.76,270.31,9787.93,TRUE,TRUE,TRUE,FALSE
2142,12.66,268.39,9834.73,TRUE,TRUE,TRUE,FALSE
2148,12.62,267.04,9867.74,TRUE,TRUE,TRUE,FALSE
2154,12.52,265.21,9912.72,TRUE,TRUE,TRUE,FALSE
2160,12.45,263.6,9952.63,TRUE,TRUE,TRUE,FALSE
2166,12.34,262.29,9985.27,TRUE,TRUE,TRUE,FALSE
2173,12.24,260.55,10028.81,TRUE,TRUE,TRUE,FALSE
2179,12.12,258.58,10078.32,TRUE,TRUE,TRUE,FALSE
2185,12.01,256.62,10127.7,TRUE,TRUE,TRUE,FALSE
2191,11.88,254.7,10176.73,TRUE,TRUE,TRUE,FALSE
2197,11.82,253,10220.13,TRUE,TRUE,TRUE,FALSE
2204,11.75,251.27,10264.57,TRUE,TRUE,TRUE,FALSE
2210,11.59,249.46,10311.54,TRUE,TRUE,TRUE,FALSE
2216,11.54,247.68,10357.83,TRUE,TRUE,TRUE,FALSE
2222,11.48,246.1,10399.28,TRUE,TRUE,TRUE,FALSE
2228,11.42,244.86,10431.77,TRUE,TRUE,TRUE,FALSE
2235,11.33,242.97,10481.76,TRUE,TRUE,TRUE,FALSE
2241,11.25,240.96,10535.15,TRUE,TRUE,TRUE,FALSE
2247,11.19,239.53,10573.48,TRUE,TRUE,TRUE,FALSE
2253,11.08,238.4,10603.85,TRUE,TRUE,TRUE,FALSE
2259,11.02,236.88,10644.7,TRUE,TRUE,TRUE,FALSE
2266,10.96,235.43,10684.12,TRUE,TRUE,TRUE,FALSE
2272,10.89,233.68,10731.87,TRUE,TRUE,TRUE,FALSE
2278,10.77,231.9,10780.84,TRUE,TRUE,TRUE,FALSE
2284,10.67,230.09,10830.74,TRUE,TRUE,TRUE,FALSE
2290,10.63,228.29,10880.68,TRUE,TRUE,TRUE,FALSE
2297,10.56,226.75,10923.8,TRUE,TRUE,TRUE,FALSE
2303,10.5,225.56,10957.35,TRUE,TRUE,TRUE,FALSE
2309,10.43,224.16,10996.71,TRUE,TRUE,TRUE,FALSE
2315,10.39,222.6,11041,TRUE,TRUE,TRUE,FALSE
2321,10.33,221.36,11076.46,TRUE,TRUE,TRUE,FALSE
2328,10.3,219.46,11130.97,TRUE,TRUE,TRUE,FALSE
2334,10.27,218.07,11170.9,TRUE,TRUE,TRUE,FALSE
2340,10.23,216.86,11206,TRUE,TRUE,TRUE,FALSE
2346,10.2,215.29,11251.94,TRUE,TRUE,TRUE,FALSE
2352,10.15,213.94,11291.29,TRUE,TRUE,TRUE,FALSE
2359,10.09,212.38,11337.41,TRUE,TRUE,TRUE,FALSE
2365,10.04,211.08,11375.98,TRUE,TRUE,TRUE,FALSE
2371,9.97,209.72,11416.57,TRUE,TRUE,TRUE,FALSE
2377,9.92,208.19,11462.31,TRUE,TRUE,TRUE,FALSE
2383,9.74,206.49,11513.46,TRUE,TRUE,TRUE,FALSE
2390,9.68,205.47,11544.29,TRUE,TRUE,TRUE,FALSE
2396,9.59,204.09,11586.47,TRUE,TRUE,TRUE,FALSE
2402,9.5,202.49,11635.51,TRUE,TRUE,TRUE,FALSE
2408,9.4,200.95,11682.83,TRUE,TRUE,TRUE,FALSE
2414,9.26,199.35,11732.68,TRUE,TRUE,TRUE,FALSE
2421,9.19,197.72,11783.44,TRUE,TRUE,TRUE,FALSE
2427,9.07,196.81,11812.06,TRUE,TRUE,TRUE,FALSE
2433,8.98,195.41,11856.2,TRUE,TRUE,TRUE,FALSE
2439,8.89,193.59,11914.02,TRUE,TRUE,TRUE,FALSE
2445,8.82,192.29,11955.38,TRUE,TRUE,TRUE,FALSE
2452,8.73,191.4,11983.92,TRUE,TRUE,TRUE,FALSE
2458,8.7,190.14,12024.67,TRUE,TRUE,TRUE,FALSE
2464,8.61,188.44,12079.91,TRUE,TRUE,TRUE,FALSE
2470,8.58,187.49,12110.77,TRUE,TRUE,TRUE,FALSE
2476,8.51,186.35,12148.03,TRUE,TRUE,TRUE,FALSE
2483,8.45,185.38,12180.06,TRUE,TRUE,TRUE,FALSE
2489,8.41,183.85,12230.7,TRUE,TRUE,TRUE,FALSE
2495,8.33,182.83,12264.9,TRUE,TRUE,TRUE,FALSE
2501,8.25,181.33,12314.83,TRUE,TRUE,TRUE,FALSE
2507,8.14,180.3,12349.61,TRUE,TRUE,TRUE,FALSE
2514,8.03,178.76,12401.73,TRUE,TRUE,TRUE,FALSE
2520,7.96,176.95,12463.59,TRUE,TRUE,TRUE,FALSE
2526,7.87,175.36,12518.21,TRUE,TRUE,TRUE,FALSE
2532,7.8,174.47,12549.13,TRUE,TRUE,TRUE,FALSE
2538,7.73,173.7,12575.88,TRUE,TRUE,TRUE,FALSE
2545,7.68,172.71,12610.25,TRUE,TRUE,TRUE,FALSE
2551,7.61,171.74,12644.14,TRUE,TRUE,TRUE,FALSE
2557,7.55,170.77,12678.63,TRUE,TRUE,TRUE,FALSE
2563,7.49,169.51,12723.02,TRUE,TRUE,TRUE,FALSE
2569,7.34,168.81,12747.96,TRUE,TRUE,TRUE,FALSE
2576,7.28,167.86,12781.64,TRUE,TRUE,TRUE,FALSE
2582,7.2,166.44,12832.89,TRUE,TRUE,TRUE,FALSE
2588,7.11,165.61,12862.59,TRUE,TRUE,TRUE,FALSE
2594,7.02,164.75,12893.9,TRUE,TRUE,TRUE,FALSE
2600,6.95,163.99,12921.7,TRUE,TRUE,TRUE,FALSE
2607,6.83,162.82,12964.33,TRUE,TRUE,TRUE,FALSE
2613,6.75,161.5,13012.77,TRUE,TRUE,TRUE,FALSE
2619,6.66,160.71,13042.22,TRUE,TRUE,TRUE,FALSE
2625,6.59,159.95,13070.43,TRUE,TRUE,TRUE,FALSE
2631,6.51,158.88,13110.18,TRUE,TRUE,TRUE,FALSE
2638,6.44,157.93,13145.78,TRUE,TRUE,TRUE,FALSE
2644,6.33,156.84,13186.94,TRUE,TRUE,TRUE,FALSE
2650,6.29,155.64,13232.16,TRUE,TRUE,TRUE,FALSE
2656,6.12,154.6,13271.94,TRUE,TRUE,TRUE,FALSE
2662,6.1,153.79,13302.87,TRUE,TRUE,TRUE,FALSE
2669,6.03,152.66,13346.67,TRUE,TRUE,TRUE,FALSE
2675,5.97,152.01,13371.6,TRUE,TRUE,TRUE,FALSE
2681,5.88,150.94,13413.24,TRUE,TRUE,TRUE,FALSE
2687,5.85,149.81,13457.45,TRUE,TRUE,TRUE,FALSE
2693,5.82,148.92,13492.23,TRUE,TRUE,TRUE,FALSE
2700,5.75,148.05,13526.7,TRUE,TRUE,TRUE,FALSE
2706,5.73,147.01,13568.21,TRUE,TRUE,TRUE,FALSE
2712,5.63,145.68,13621.39,TRUE,TRUE,TRUE,FALSE
2718,5.52,144.54,13667.05,TRUE,TRUE,TRUE,FALSE
2724,5.49,143.84,13695.4,TRUE,TRUE,TRUE,FALSE
2731,5.42,142.99,13729.81,TRUE,TRUE,TRUE,FALSE
2737,5.32,142.17,13763.58,TRUE,TRUE,TRUE,FALSE
2743,5.25,141.33,13798.01,TRUE,TRUE,TRUE,FALSE
2749,5.18,140.44,13834.49,TRUE,TRUE,TRUE,FALSE
2755,5.12,139.55,13871.28,TRUE,TRUE,TRUE,FALSE
2762,5.02,138.47,13916.23,TRUE,TRUE,TRUE,FALSE
2768,4.95,137.44,13959.78,TRUE,TRUE,TRUE,FALSE
2774,4.88,135.98,14021.26,TRUE,TRUE,TRUE,FALSE
2780,4.78,135.06,14060.25,TRUE,TRUE,TRUE,FALSE
2786,4.71,134.03,14104.5,TRUE,TRUE,TRUE,FALSE
2793,4.62,133.02,14148.12,TRUE,TRUE,TRUE,FALSE
2799,4.57,132.49,14170.67,TRUE,TRUE,TRUE,FALSE
2805,4.52,131.87,14197.83,TRUE,TRUE,TRUE,FALSE
2811,4.47,131.22,14226.18,TRUE,TRUE,TRUE,FALSE
2817,4.38,130.63,14251.79,TRUE,TRUE,TRUE,FALSE
2824,4.35,130.05,14277.38,TRUE,TRUE,TRUE,FALSE
2830,4.29,129.45,14303.57,TRUE,TRUE,TRUE,FALSE
2836,4.25,128.78,14333.22,TRUE,TRUE,TRUE,FALSE
2842,4.21,128.09,14364.11,TRUE,TRUE,TRUE,FALSE
2849,4.17,127.53,14389.16,TRUE,TRUE,TRUE,FALSE
2855,4.11,126.93,14416.07,TRUE,TRUE,TRUE,FALSE
2861,4.08,126.29,14444.75,TRUE,TRUE,TRUE,FALSE
2867,4.04,125.7,14471.2,TRUE,TRUE,TRUE,FALSE
2873,4.01,125.02,14501.86,TRUE,TRUE,TRUE,FALSE
2880,3.9,124.41,14529.73,TRUE,TRUE,TRUE,FALSE
2886,3.91,123.7,14562.49,TRUE,TRUE,TRUE,FALSE
2892,3.88,123.2,14585.33,TRUE,TRUE,TRUE,FALSE
2898,3.84,122.53,14616.01,TRUE,TRUE,TRUE,FALSE
2904,3.82,121.81,14649.37,TRUE,TRUE,TRUE,FALSE
2911,3.77,121,14686.85,TRUE,TRUE,TRUE,FALSE
2917,3.74,120.18,14725.49,TRUE,TRUE,TRUE,FALSE
2923,3.7,119.4,14761.88,TRUE,TRUE,TRUE,FALSE
2929,3.64,118.62,14798.96,TRUE,TRUE,TRUE,FALSE
2935,3.61,117.89,14833.38,TRUE,TRUE,TRUE,FALSE
2942,3.55,117.13,14869.67,TRUE,TRUE,TRUE,FALSE
2948,3.51,115.95,14926.67,TRUE,TRUE,TRUE,FALSE
2954,3.43,115.07,14968.89,TRUE,TRUE,TRUE,FALSE
2960,3.36,114.25,15008.95,TRUE,TRUE,TRUE,FALSE
2966,3.29,113.67,15037.23,TRUE,TRUE,TRUE,FALSE
2973,3.23,113.03,15068.89,TRUE,TRUE,TRUE,FALSE
2979,3.19,112.49,15095.66,TRUE,TRUE,TRUE,FALSE
2985,3.11,111.87,15126.37,TRUE,TRUE,TRUE,FALSE
2991,3.06,111.2,15159.63,TRUE,TRUE,TRUE,FALSE
2997,2.99,110.6,15189.73,TRUE,TRUE,TRUE,FALSE
3004,2.95,109.95,15222.23,TRUE,TRUE,TRUE,FALSE
3010,2.85,109.04,15268.36,TRUE,TRUE,TRUE,FALSE
3016,2.82,108.23,15309.76,TRUE,TRUE,TRUE,FALSE
3022,2.74,107.83,15329.78,TRUE,TRUE,TRUE,FALSE
3028,2.7,107.25,15359.88,TRUE,TRUE,TRUE,FALSE
3035,2.67,106.7,15388.29,TRUE,TRUE,TRUE,FALSE
3041,2.62,106.12,15418.29,TRUE,TRUE,TRUE,FALSE
3047,2.58,105.67,15441.68,TRUE,TRUE,TRUE,FALSE
3053,2.55,105.19,15466.42,TRUE,TRUE,TRUE,FALSE
3059,2.51,104.73,15490.53,TRUE,TRUE,TRUE,FALSE
3066,2.46,104.25,15515.63,TRUE,TRUE,TRUE,FALSE
3072,2.4,103.7,15544.51,TRUE,TRUE,TRUE,FALSE
3078,2.35,103.12,15575.18,TRUE,TRUE,TRUE,FALSE
3084,2.3,102.68,15598.54,TRUE,TRUE,TRUE,FALSE
3090,2.29,102.4,15613.97,TRUE,TRUE,TRUE,FALSE
3097,2.25,101.76,15648.11,TRUE,TRUE,TRUE,FALSE
3103,2.21,101.22,15677.17,TRUE,TRUE,TRUE,FALSE
3109,2.19,100.48,15717.09,TRUE,TRUE,TRUE,FALSE
3115,2.15,99.78,15754.98,TRUE,TRUE,TRUE,FALSE
3121,2.11,99.07,15793.64,TRUE,TRUE,TRUE,FALSE
3128,2.08,98.44,15828.49,TRUE,TRUE,TRUE,FALSE
3134,2.06,97.84,15861.4,TRUE,TRUE,TRUE,FALSE
3140,2.01,97.19,15897.56,TRUE,TRUE,TRUE,FALSE
3146,1.97,96.52,15935.28,TRUE,TRUE,TRUE,FALSE
3152,1.94,96.17,15954.61,TRUE,TRUE,TRUE,FALSE
3159,1.88,95.52,15991.07,TRUE,TRUE,TRUE,FALSE
3165,1.84,94.86,16028.92,TRUE,TRUE,TRUE,FALSE
3171,1.82,94.32,16059.43,TRUE,TRUE,TRUE,FALSE
3177,1.79,93.57,16102.05,TRUE,TRUE,TRUE,FALSE
3183,1.76,93.05,16132.09,TRUE,TRUE,TRUE,FALSE
3190,1.74,92.5,16163.87,TRUE,TRUE,TRUE,FALSE
3196,1.72,92,16193.18,TRUE,TRUE,TRUE,FALSE
3202,1.68,91.46,16224.43,TRUE,TRUE,TRUE,FALSE
3208,1.67,90.95,16254.21,TRUE,TRUE,TRUE,FALSE
3214,1.59,90.25,16295.78,TRUE,TRUE,TRUE,FALSE
3221,1.54,89.78,16323.58,TRUE,TRUE,TRUE,FALSE
3227,1.52,89.25,16355.25,TRUE,TRUE,TRUE,FALSE
3233,1.47,88.86,16378.48,TRUE,TRUE,TRUE,FALSE
3239,1.44,88.44,16403.5,TRUE,TRUE,TRUE,FALSE
3245,1.36,88,16430.24,TRUE,TRUE,TRUE,FALSE
3252,1.33,87.54,16457.55,TRUE,TRUE,TRUE,FALSE
3258,1.3,87.19,16479.05,TRUE,TRUE,TRUE,FALSE
3264,1.27,86.68,16510.17,TRUE,TRUE,TRUE,FALSE
3270,1.25,86.36,16529.93,TRUE,TRUE,TRUE,FALSE
3276,1.22,85.75,16567.29,TRUE,TRUE,TRUE,FALSE
3283,1.21,85.36,16591.53,TRUE,TRUE,TRUE,FALSE
3289,1.17,84.86,16622.52,TRUE,TRUE,TRUE,FALSE
3295,1.16,84.31,16656.29,TRUE,TRUE,TRUE,FALSE
3301,1.13,83.88,16683.67,TRUE,TRUE,TRUE,FALSE
3307,1.11,83.22,16724.98,TRUE,TRUE,TRUE,FALSE
3314,1.08,82.7,16757.72,TRUE,TRUE,TRUE,FALSE
3320,1.06,82.07,16797.94,TRUE,TRUE,TRUE,FALSE
3326,1.03,81.29,16848.01,TRUE,TRUE,TRUE,FALSE
3332,0.95,80.69,16886.67,TRUE,TRUE,TRUE,FALSE
3338,0.91,80.32,16910.48,TRUE,TRUE,TRUE,FALSE
3345,0.87,79.88,16939.37,TRUE,TRUE,TRUE,FALSE
3351,0.82,79.42,16969.28,TRUE,TRUE,TRUE,FALSE
3357,0.77,79.14,16988.12,TRUE,TRUE,TRUE,FALSE
3363,0.72,78.62,17021.92,TRUE,TRUE,TRUE,FALSE
3369,0.71,78.28,17044.42,TRUE,TRUE,TRUE,FALSE
3376,0.67,77.95,17066.28,TRUE,TRUE,TRUE,FALSE
3382,0.66,77.49,17097.06,TRUE,TRUE,TRUE,FALSE
3388,0.62,77.07,17125.38,TRUE,TRUE,TRUE,FALSE
3394,0.58,76.71,17149.36,TRUE,TRUE,TRUE,FALSE
3400,0.58,76.33,17175.39,TRUE,TRUE,TRUE,FALSE
3407,0.54,75.96,17200.27,TRUE,TRUE,TRUE,FALSE
3413,0.52,75.58,17226,TRUE,TRUE,TRUE,FALSE
3419,0.51,75.24,17249.7,TRUE,TRUE,TRUE,FALSE
3425,0.48,74.89,17273.47,TRUE,TRUE,TRUE,FALSE
3431,0.46,74.45,17303.56,TRUE,TRUE,TRUE,FALSE
3438,0.43,74.09,17328.47,TRUE,TRUE,TRUE,FALSE
3444,0.43,73.69,17356.21,TRUE,TRUE,TRUE,FALSE
3450,0.38,73.22,17389.05,TRUE,TRUE,TRUE,FALSE
3456,0.37,72.54,17437.05,TRUE,TRUE,TRUE,FALSE
3462,0.34,71.97,17477.73,TRUE,TRUE,TRUE,FALSE
3469,0.3,71.66,17499.58,TRUE,TRUE,TRUE,FALSE
3475,0.3,71.26,17528.32,TRUE,TRUE,TRUE,FALSE
3481,0.25,70.87,17556.31,TRUE,TRUE,TRUE,FALSE
3487,0.2,70.51,17581.91,TRUE,TRUE,TRUE,FALSE
3493,0.15,70.15,17608.37,TRUE,TRUE,TRUE,FALSE
3500,0.14,69.84,17630.51,TRUE,TRUE,TRUE,FALSE
3506,0.11,69.55,17651.39,TRUE,TRUE,TRUE,FALSE
3512,0.06,69.12,17683.22,TRUE,TRUE,TRUE,FALSE
3518,0.04,68.76,17709.93,TRUE,TRUE,TRUE,FALSE
3524,0.03,68.48,17730.61,TRUE,TRUE,TRUE,FALSE
3531,-0.01,68.09,17759,TRUE,TRUE,TRUE,FALSE
3537,-0.03,67.8,17780.61,TRUE,TRUE,TRUE,FALSE
3543,-0.07,67.45,17806.62,TRUE,TRUE,TRUE,FALSE
3549,-0.07,67.16,17828.71,TRUE,TRUE,TRUE,FALSE
3555,-0.1,66.82,17854.16,TRUE,TRUE,TRUE,FALSE
3562,-0.12,66.44,17882.92,TRUE,TRUE,TRUE,FALSE
3568,-0.13,66.19,17901.83,TRUE,TRUE,TRUE,FALSE
3574,-0.18,65.7,17939.13,TRUE,TRUE,TRUE,FALSE
3580,-0.18,65.41,17961.42,TRUE,TRUE,TRUE,FALSE
3586,-0.2,65.05,17989.07,TRUE,TRUE,TRUE,FALSE
3593,-0.25,64.64,18020.48,TRUE,TRUE,TRUE,FALSE
3599,-0.28,64.35,18043.49,TRUE,TRUE,TRUE,FALSE
3605,-0.29,64.02,18068.82,TRUE,TRUE,TRUE,FALSE
3611,-0.32,63.66,18097.16,TRUE,TRUE,TRUE,FALSE
3617,-0.35,63.28,18126.75,TRUE,TRUE,TRUE,FALSE
3624,-0.38,62.84,18161.66,TRUE,TRUE,TRUE,FALSE
3630,-0.41,62.55,18185.18,TRUE,TRUE,TRUE,FALSE
3636,-0.44,62.22,18211,TRUE,TRUE,TRUE,FALSE
3642,-0.46,61.9,18236.72,TRUE,TRUE,TRUE,FALSE
3648,-0.48,61.52,18267.56,TRUE,TRUE,TRUE,FALSE
3655,-0.49,61.24,18289.59,TRUE,TRUE,TRUE,FALSE
3661,-0.49,60.93,18315.42,TRUE,TRUE,TRUE,FALSE
3667,-0.53,60.6,18342.03,TRUE,TRUE,TRUE,FALSE
3673,-0.55,60.21,18374.26,TRUE,TRUE,TRUE,FALSE
3680,-0.57,59.94,18395.82,TRUE,TRUE,TRUE,FALSE
3686,-0.6,59.58,18425.96,TRUE,TRUE,TRUE,FALSE
3692,-0.62,59.26,18452.26,TRUE,TRUE,TRUE,FALSE
3698,-0.62,58.98,18475.6,TRUE,TRUE,TRUE,FALSE
3704,-0.67,58.64,18504.07,TRUE,TRUE,TRUE,FALSE
3711,-0.67,58.36,18527.58,TRUE,TRUE,TRUE,FALSE
3717,-0.71,58.04,18554.27,TRUE,TRUE,TRUE,FALSE
3723,-0.74,57.63,18589.31,TRUE,TRUE,TRUE,FALSE
3729,-0.74,57.25,18621.46,TRUE,TRUE,TRUE,FALSE
3735,-0.77,56.97,18645.89,TRUE,TRUE,TRUE,FALSE
3742,-0.8,56.65,18673.1,TRUE,TRUE,TRUE,FALSE
3748,-0.83,56.36,18698.38,TRUE,TRUE,TRUE,FALSE
3754,-0.86,56.07,18723.42,TRUE,TRUE,TRUE,FALSE
3760,-0.88,55.84,18743.52,TRUE,TRUE,TRUE,FALSE
3766,-0.9,55.57,18766.97,TRUE,TRUE,TRUE,FALSE
3773,-0.93,55.21,18798.72,TRUE,TRUE,TRUE,FALSE
3779,-0.94,55.05,18812.69,TRUE,TRUE,TRUE,FALSE
3785,-0.97,54.68,18845.26,TRUE,TRUE,TRUE,FALSE
3791,-0.99,54.41,18869.76,TRUE,TRUE,TRUE,FALSE
3797,-1,54.08,18898.7,TRUE,TRUE,TRUE,FALSE
3804,-1.01,53.9,18915.07,TRUE,TRUE,TRUE,FALSE
3810,-1.03,53.62,18940.13,TRUE,TRUE,TRUE,FALSE
3816,-1.04,53.28,18970.7,TRUE,TRUE,TRUE,FALSE
3822,-1.07,53.07,18990.32,TRUE,TRUE,TRUE,FALSE
3828,-1.1,52.76,19018.16,TRUE,TRUE,TRUE,FALSE
3835,-1.11,52.53,19039.62,TRUE,TRUE,TRUE,FALSE
3841,-1.13,52.31,19059.78,TRUE,TRUE,TRUE,FALSE
3847,-1.17,52.03,19085.4,TRUE,TRUE,TRUE,FALSE
3853,-1.17,51.79,19107.1,TRUE,TRUE,TRUE,FALSE
3859,-1.18,51.51,19133.05,TRUE,TRUE,TRUE,FALSE
3866,-1.22,51.26,19156.71,TRUE,TRUE,TRUE,FALSE
3872,-1.23,51.05,19176.03,TRUE,TRUE,TRUE,FALSE
3878,-1.25,50.79,19200.93,TRUE,TRUE,TRUE,FALSE
3884,-1.27,50.58,19220.67,TRUE,TRUE,TRUE,FALSE
3890,-1.27,50.31,19245.91,TRUE,TRUE,TRUE,FALSE
3897,-1.32,50.04,19271.89,TRUE,TRUE,TRUE,FALSE
3903,-1.32,49.8,19294.99,TRUE,TRUE,TRUE,FALSE
3909,-1.33,49.57,19316.75,TRUE,TRUE,TRUE,FALSE
3915,-1.36,49.31,19342.19,TRUE,TRUE,TRUE,FALSE
3921,-1.39,49,19371.71,TRUE,TRUE,TRUE,FALSE
3928,-1.38,48.82,19388.87,TRUE,TRUE,TRUE,FALSE
3934,-1.42,48.55,19415.87,TRUE,TRUE,TRUE,FALSE
3940,-1.44,48.39,19431.63,TRUE,TRUE,TRUE,FALSE
3946,-1.46,48.11,19458.6,TRUE,TRUE,TRUE,FALSE
3952,-1.46,47.85,19484.14,TRUE,TRUE,TRUE,FALSE
3959,-1.48,47.6,19509,TRUE,TRUE,TRUE,FALSE
3965,-1.51,47.32,19536.6,TRUE,TRUE,TRUE,FALSE
3971,-1.54,47.12,19556.43,TRUE,TRUE,TRUE,FALSE
3977,-1.56,46.88,19580.5,TRUE,TRUE,TRUE,FALSE
3983,-1.57,46.63,19606.17,TRUE,TRUE,TRUE,FALSE
3990,-1.59,46.42,19627.7,TRUE,TRUE,TRUE,FALSE
3996,-1.6,46.17,19652.88,TRUE,TRUE,TRUE,FALSE
4002,-1.6,45.94,19676.05,TRUE,TRUE,TRUE,FALSE
4008,-1.64,45.73,19698.07,TRUE,TRUE,TRUE,FALSE
4014,-1.65,45.51,19720.35,TRUE,TRUE,TRUE,FALSE
4021,-1.66,45.27,19745.15,TRUE,TRUE,TRUE,FALSE
4027,-1.66,45.1,19762.67,TRUE,TRUE,TRUE,FALSE
4033,-1.69,44.8,19793.7,TRUE,TRUE,TRUE,FALSE
4039,-1.69,44.59,19815.33,TRUE,TRUE,TRUE,FALSE
4045,-1.72,44.39,19837.15,TRUE,TRUE,TRUE,FALSE
4052,-1.73,44.14,19862.52,TRUE,TRUE,TRUE,FALSE
4058,-1.73,43.91,19887.33,TRUE,TRUE,TRUE,FALSE
4064,-1.74,43.66,19913.66,TRUE,TRUE,TRUE,FALSE
4070,-1.75,43.43,19938.57,TRUE,TRUE,TRUE,FALSE
4076,-1.77,43.23,19960.24,TRUE,TRUE,TRUE,FALSE
4083,-1.78,43.07,19976.49,TRUE,TRUE,TRUE,FALSE
4089,-1.81,42.82,20004.14,TRUE,TRUE,TRUE,FALSE
4095,-1.82,42.56,20032.5,TRUE,TRUE,TRUE,FALSE
4101,-1.83,42.38,20051.22,TRUE,TRUE,TRUE,FALSE
4107,-1.85,42.21,20069.92,TRUE,TRUE,TRUE,FALSE
4114,-1.85,41.99,20094.89,TRUE,TRUE,TRUE,FALSE
4120,-1.86,41.8,20115.25,TRUE,TRUE,TRUE,FALSE
4126,-1.88,41.51,20147.16,TRUE,TRUE,TRUE,FALSE
4132,-1.89,41.34,20166.25,TRUE,TRUE,TRUE,FALSE
4138,-1.88,41.1,20193.26,TRUE,TRUE,TRUE,FALSE
4145,-1.91,40.93,20212.28,TRUE,TRUE,TRUE,FALSE
4151,-1.91,40.79,20227.78,TRUE,TRUE,TRUE,FALSE
4157,-1.91,40.55,20254.62,TRUE,TRUE,TRUE,FALSE
4163,-1.94,40.25,20288.41,TRUE,TRUE,TRUE,FALSE
4169,-1.94,40.07,20308.84,TRUE,TRUE,TRUE,FALSE
4176,-1.95,39.92,20326.83,TRUE,TRUE,TRUE,FALSE
4182,-1.96,39.69,20352.87,TRUE,TRUE,TRUE,FALSE
4188,-1.96,39.44,20381.1,TRUE,TRUE,TRUE,FALSE
4194,-1.99,39.19,20410.04,TRUE,TRUE,TRUE,FALSE
4200,-2,39.03,20428.83,TRUE,TRUE,TRUE,FALSE
4207,-2,38.76,20460.68,TRUE,TRUE,TRUE,FALSE
4213,-2,38.66,20472.74,TRUE,TRUE,TRUE,FALSE
4219,-2,38.46,20495.48,TRUE,TRUE,TRUE,FALSE
4225,-2.02,38.16,20531.63,TRUE,TRUE,TRUE,FALSE
4231,-2.03,38.02,20547.54,TRUE,TRUE,TRUE,FALSE
4238,-2.05,37.89,20563.82,TRUE,TRUE,TRUE,FALSE
4244,-2.04,37.69,20587.01,TRUE,TRUE,TRUE,FALSE
4250,-2.06,37.42,20620.35,TRUE,TRUE,TRUE,FALSE
4256,-2.07,37.34,20629.42,TRUE,TRUE,TRUE,FALSE
4262,-2.07,37.11,20657.83,TRUE,TRUE,TRUE,FALSE
4269,-2.1,36.85,20689.48,TRUE,TRUE,TRUE,FALSE
4275,-2.1,36.65,20713.87,TRUE,TRUE,TRUE,FALSE
4281,-2.1,36.48,20733.88,TRUE,TRUE,TRUE,FALSE
4287,-2.11,36.36,20749.43,TRUE,TRUE,TRUE,FALSE
4293,-2.13,36.08,20783.41,TRUE,TRUE,TRUE,FALSE
4300,-2.15,35.95,20800.72,TRUE,TRUE,TRUE,FALSE
4306,-2.15,35.76,20823.63,TRUE,TRUE,TRUE,FALSE
4312,-2.18,35.55,20850.51,TRUE,TRUE,TRUE,FALSE
4318,-2.18,35.39,20870.05,TRUE,TRUE,TRUE,FALSE
4324,-2.18,35.23,20890.53,TRUE,TRUE,TRUE,FALSE
4331,-2.19,35.06,20911.87,TRUE,TRUE,TRUE,FALSE
4337,-2.18,34.89,20933.93,TRUE,TRUE,TRUE,FALSE
4343,-2.18,34.71,20956.42,TRUE,TRUE,TRUE,FALSE
4349,-2.23,34.57,20975.32,TRUE,TRUE,TRUE,FALSE
4355,-2.21,34.47,20987.05,TRUE,TRUE,TRUE,FALSE
4362,-2.23,34.28,21012.24,TRUE,TRUE,TRUE,FALSE
4368,-2.23,34.07,21039.09,TRUE,TRUE,TRUE,FALSE
4374,-2.23,33.88,21064.26,TRUE,TRUE,TRUE,FALSE
4380,-2.25,33.69,21089.36,TRUE,TRUE,TRUE,FALSE
4386,-2.26,33.56,21105.48,TRUE,TRUE,TRUE,FALSE
4393,-2.26,33.38,21130.5,TRUE,TRUE,TRUE,FALSE
4399,-2.28,33.23,21149.49,TRUE,TRUE,TRUE,FALSE
4405,-2.3,33.07,21171.29,TRUE,TRUE,TRUE,FALSE
4411,-2.3,32.91,21192.47,TRUE,TRUE,TRUE,FALSE
4417,-2.32,32.73,21216.66,TRUE,TRUE,TRUE,FALSE
4424,-2.3,32.58,21237.29,TRUE,TRUE,TRUE,FALSE
4430,-2.33,32.39,21262.62,TRUE,TRUE,TRUE,FALSE
4436,-2.33,32.21,21287.43,TRUE,TRUE,TRUE,FALSE
4442,-2.33,32.08,21304.83,TRUE,TRUE,TRUE,FALSE
4448,-2.34,31.94,21323.59,TRUE,TRUE,TRUE,FALSE
4455,-2.35,31.77,21346.68,TRUE,TRUE,TRUE,FALSE
4461,-2.34,31.65,21363.42,TRUE,TRUE,TRUE,FALSE
4467,-2.36,31.49,21386.47,TRUE,TRUE,TRUE,FALSE
4473,-2.35,31.33,21407.65,TRUE,TRUE,TRUE,FALSE
4479,-2.36,31.17,21429.66,TRUE,TRUE,TRUE,FALSE
4486,-2.38,31.07,21444.4,TRUE,TRUE,TRUE,FALSE
4492,-2.39,30.88,21471.41,TRUE,TRUE,TRUE,FALSE
4498,-2.39,30.73,21492.33,TRUE,TRUE,TRUE,FALSE
4504,-2.38,30.66,21501.71,TRUE,TRUE,TRUE,FALSE
4510,-2.38,30.52,21522.26,TRUE,TRUE,TRUE,FALSE
4517,-2.4,30.3,21553.99,TRUE,TRUE,TRUE,FALSE
4523,-2.4,30.18,21571.16,TRUE,TRUE,TRUE,FALSE
4529,-2.4,30.12,21579.69,TRUE,TRUE,TRUE,FALSE
4535,-2.42,29.9,21610.64,TRUE,TRUE,TRUE,FALSE
4541,-2.42,29.76,21631.61,TRUE,TRUE,TRUE,FALSE
4548,-2.43,29.6,21655.06,TRUE,TRUE,TRUE,FALSE
4554,-2.42,29.47,21672.79,TRUE,TRUE,TRUE,FALSE
4560,-2.43,29.34,21692.88,TRUE,TRUE,TRUE,FALSE
4566,-2.43,29.25,21706.05,TRUE,TRUE,TRUE,FALSE
4572,-2.45,29.06,21734.29,TRUE,TRUE,TRUE,FALSE
4579,-2.43,29.01,21741.17,TRUE,TRUE,TRUE,FALSE
4585,-2.45,28.82,21769.6,TRUE,TRUE,TRUE,FALSE
4591,-2.45,28.62,21798.82,TRUE,TRUE,TRUE,FALSE
4597,-2.46,28.51,21816.27,TRUE,TRUE,TRUE,FALSE
4603,-2.45,28.37,21836.24,TRUE,TRUE,TRUE,FALSE
4610,-2.45,28.29,21848.22,TRUE,TRUE,TRUE,FALSE
4616,-2.45,28.06,21884.16,TRUE,TRUE,TRUE,FALSE
4622,-2.46,27.92,21905.06,TRUE,TRUE,TRUE,FALSE
4628,-2.47,27.78,21926.57,TRUE,TRUE,TRUE,FALSE
4634,-2.48,27.66,21944.98,TRUE,TRUE,TRUE,FALSE
4641,-2.49,27.57,21959.73,TRUE,TRUE,TRUE,FALSE
4647,-2.48,27.39,21986.54,TRUE,TRUE,TRUE,FALSE
4653,-2.49,27.25,22007.84,TRUE,TRUE,TRUE,FALSE
4659,-2.48,27.13,22026.81,TRUE,TRUE,TRUE,FALSE
4665,-2.5,26.94,22057.89,TRUE,TRUE,TRUE,FALSE
4672,-2.5,26.84,22073.1,TRUE,TRUE,TRUE,FALSE
4678,-2.5,26.67,22099.81,TRUE,TRUE,TRUE,FALSE
4684,-2.49,26.57,22115.83,TRUE,TRUE,TRUE,FALSE
4690,-2.5,26.5,22127.21,TRUE,TRUE,TRUE,FALSE
4696,-2.5,26.26,22165.67,TRUE,TRUE,TRUE,FALSE
4703,-2.5,26.14,22185.08,TRUE,TRUE,TRUE,FALSE
4709,-2.5,25.98,22210.7,TRUE,TRUE,TRUE,FALSE
4715,-2.51,25.84,22233.5,TRUE,TRUE,TRUE,FALSE
4721,-2.51,25.74,22249.79,TRUE,TRUE,TRUE,FALSE
4728,-2.53,25.56,22278.83,TRUE,TRUE,TRUE,FALSE
4734,-2.52,25.52,22285.76,TRUE,TRUE,TRUE,FALSE
4740,-2.53,25.42,22301.5,TRUE,TRUE,TRUE,FALSE
4746,-2.54,25.19,22340.7,TRUE,TRUE,TRUE,FALSE
4752,-2.53,25.16,22344.28,TRUE,TRUE,TRUE,FALSE
4759,-2.52,25.01,22369.7,TRUE,TRUE,TRUE,FALSE
4765,-2.52,24.87,22393.94,TRUE,TRUE,TRUE,FALSE
4771,-2.54,24.78,22409.27,TRUE,TRUE,TRUE,FALSE
4777,-2.53,24.7,22422.21,TRUE,TRUE,TRUE,FALSE
4783,-2.53,24.57,22443.77,TRUE,TRUE,TRUE,FALSE
4790,-2.53,24.34,22483.64,TRUE,TRUE,TRUE,FALSE
4796,-2.55,24.25,22498.65,TRUE,TRUE,TRUE,FALSE
4802,-2.54,24.19,22508.26,TRUE,TRUE,TRUE,FALSE
4808,-2.56,23.98,22545.77,TRUE,TRUE,TRUE,FALSE
4814,-2.56,23.94,22552.33,TRUE,TRUE,TRUE,FALSE
4821,-2.56,23.82,22573.4,TRUE,TRUE,TRUE,FALSE
4827,-2.56,23.69,22596.05,TRUE,TRUE,TRUE,FALSE
4833,-2.55,23.61,22610.23,TRUE,TRUE,TRUE,FALSE
4839,-2.56,23.43,22640.77,TRUE,TRUE,TRUE,FALSE
4845,-2.56,23.32,22660.83,TRUE,TRUE,TRUE,FALSE
4852,-2.56,23.25,22673.03,TRUE,TRUE,TRUE,FALSE
4858,-2.57,23.11,22697.97,TRUE,TRUE,TRUE,FALSE
4864,-2.56,22.99,22719.21,TRUE,TRUE,TRUE,FALSE
4870,-2.58,22.83,22747.75,TRUE,TRUE,TRUE,FALSE
4876,-2.57,22.81,22751.02,TRUE,TRUE,TRUE,FALSE
4883,-2.6,22.66,22778.5,TRUE,TRUE,TRUE,FALSE
4889,-2.57,22.54,22800.25,TRUE,TRUE,TRUE,FALSE
4895,-2.6,22.45,22817.3,TRUE,TRUE,TRUE,FALSE
4901,-2.6,22.27,22849.44,TRUE,TRUE,TRUE,FALSE
4907,-2.6,22.22,22858.94,TRUE,TRUE,TRUE,FALSE
4914,-2.59,22.07,22886.42,TRUE,TRUE,TRUE,FALSE
4920,-2.59,21.97,22905.57,TRUE,TRUE,TRUE,FALSE
4926,-2.6,21.87,22923.33,TRUE,TRUE,TRUE,FALSE
4932,-2.59,21.74,22947.94,TRUE,TRUE,TRUE,FALSE
4938,-2.6,21.61,22971.68,TRUE,TRUE,TRUE,FALSE
4945,-2.59,21.53,22986.78,TRUE,TRUE,TRUE,FALSE
4951,-2.6,21.44,23004.18,TRUE,TRUE,TRUE,FALSE
4957,-2.59,21.29,23031.82,TRUE,TRUE,TRUE,FALSE
4963,-2.58,21.22,23046.45,TRUE,TRUE,TRUE,FALSE
4969,-2.6,21.09,23071.13,TRUE,TRUE,TRUE,FALSE
4976,-2.61,21.04,23081.53,TRUE,TRUE,TRUE,FALSE
4982,-2.61,20.87,23114.08,TRUE,TRUE,TRUE,FALSE
4988,-2.61,20.8,23126.76,TRUE,TRUE,TRUE,FALSE
4994,-2.61,20.65,23156.25,TRUE,TRUE,TRUE,FALSE
5000,-2.6,20.66,23153.75,TRUE,TRUE,TRUE,FALSE
5007,-2.59,20.52,23181.56,TRUE,TRUE,TRUE,FALSE
5013,-2.59,20.46,23193.74,TRUE,TRUE,TRUE,FALSE
5019,-2.6,20.38,23209.15,TRUE,TRUE,TRUE,FALSE
5025,-2.6,20.27,23231.62,TRUE,TRUE,TRUE,FALSE
5031,-2.61,20.16,23252.62,TRUE,TRUE,TRUE,FALSE
5038,-2.61,20.08,23267.73,TRUE,TRUE,TRUE,FALSE
5044,-2.61,19.95,23295.1,TRUE,TRUE,TRUE,FALSE
5050,-2.6,19.81,23323.23,TRUE,TRUE,TRUE,FALSE
5056,-2.61,19.72,23341.14,TRUE,TRUE,TRUE,FALSE
5062,-2.6,19.67,23350.42,TRUE,TRUE,TRUE,FALSE
5069,-2.61,19.52,23382.48,TRUE,TRUE,TRUE,FALSE
5075,-2.6,19.52,23381.98,TRUE,TRUE,TRUE,FALSE
5081,-2.61,19.4,23405.75,TRUE,TRUE,TRUE,FALSE
5087,-2.6,19.23,23442.14,TRUE,TRUE,TRUE,FALSE
5093,-2.6,19.26,23435.74,TRUE,TRUE,TRUE,FALSE
5100,-2.61,19.02,23483.93,TRUE,TRUE,TRUE,FALSE
5106,-2.58,19.02,23484.77,TRUE,TRUE,TRUE,FALSE
5112,-2.61,18.86,23519.25,TRUE,TRUE,TRUE,FALSE
5118,-2.6,18.87,23515.33,TRUE,TRUE,TRUE,FALSE
5124,-2.6,18.65,23563.28,TRUE,TRUE,TRUE,FALSE
5131,-2.6,18.67,23557.45,TRUE,TRUE,TRUE,FALSE
5137,-2.58,18.58,23576.87,TRUE,TRUE,TRUE,FALSE
5143,-2.59,18.48,23598.67,TRUE,TRUE,TRUE,FALSE
5149,-2.56,18.43,23610.37,TRUE,TRUE,TRUE,FALSE
5155,-2.59,18.22,23654.88,TRUE,TRUE,TRUE,FALSE
5162,-2.57,18.23,23651.6,TRUE,TRUE,TRUE,FALSE
5168,-2.59,18.09,23682.48,TRUE,TRUE,TRUE,FALSE
5174,-2.59,18.04,23694.47,TRUE,TRUE,TRUE,FALSE
5180,-2.57,17.98,23706.18,TRUE,TRUE,TRUE,FALSE
5186,-2.56,17.85,23734.31,TRUE,TRUE,TRUE,FALSE
5193,-2.56,17.73,23761.61,TRUE,TRUE,TRUE,FALSE
5199,-2.57,17.6,23790.37,TRUE,TRUE,TRUE,FALSE
5205,-2.56,17.5,23812.07,TRUE,TRUE,TRUE,FALSE
5211,-2.56,17.49,23815.91,TRUE,TRUE,TRUE,FALSE
5217,-2.56,17.4,23835.95,TRUE,TRUE,TRUE,FALSE
5224,-2.56,17.29,23859.96,TRUE,TRUE,TRUE,FALSE
5230,-2.56,17.16,23888.76,TRUE,TRUE,TRUE,FALSE
5236,-2.55,17.09,23905.66,TRUE,TRUE,TRUE,FALSE
5242,-2.56,17.02,23921.12,TRUE,TRUE,TRUE,FALSE
5248,-2.53,16.94,23939.17,TRUE,TRUE,TRUE,FALSE
5255,-2.54,16.81,23968.22,TRUE,TRUE,TRUE,FALSE
5261,-2.53,16.84,23961.32,TRUE,TRUE,TRUE,FALSE
5267,-2.53,16.73,23988.35,TRUE,TRUE,TRUE,FALSE
5273,-2.52,16.66,24004.57,TRUE,TRUE,TRUE,FALSE
5279,-2.51,16.52,24035.32,TRUE,TRUE,TRUE,FALSE
5286,-2.5,16.44,24055.99,TRUE,TRUE,TRUE,FALSE
5292,-2.51,16.38,24070.07,TRUE,TRUE,TRUE,FALSE
5298,-2.49,16.34,24078.13,TRUE,TRUE,TRUE,FALSE
5304,-2.51,16.16,24120.63,TRUE,TRUE,TRUE,FALSE
5310,-2.5,16.1,24135.92,TRUE,TRUE,TRUE,FALSE
5317,-2.5,16.03,24151.57,TRUE,TRUE,TRUE,FALSE
5323,-2.5,16.02,24154.05,TRUE,TRUE,TRUE,FALSE
5329,-2.49,15.94,24175,TRUE,TRUE,TRUE,FALSE
5335,-2.48,15.79,24211.05,TRUE,TRUE,TRUE,FALSE
5341,-2.48,15.73,24224.44,TRUE,TRUE,TRUE,FALSE
5348,-2.46,15.68,24235.87,TRUE,TRUE,TRUE,FALSE
5354,-2.46,15.61,24253.54,TRUE,TRUE,TRUE,FALSE
5360,-2.45,15.6,24256.34,TRUE,TRUE,TRUE,FALSE
5366,-2.46,15.46,24289.95,TRUE,TRUE,TRUE,FALSE
5372,-2.46,15.36,24316.36,TRUE,TRUE,TRUE,FALSE
5379,-2.45,15.29,24333.76,TRUE,TRUE,TRUE,FALSE
5385,-2.44,15.27,24337.73,TRUE,TRUE,TRUE,FALSE
5391,-2.44,15.18,24360.11,TRUE,TRUE,TRUE,FALSE
5397,-2.42,15.17,24362.38,TRUE,TRUE,TRUE,FALSE
5403,-2.43,15.08,24386.33,TRUE,TRUE,TRUE,FALSE
5410,-2.43,14.96,24415.05,TRUE,TRUE,TRUE,FALSE
5416,-2.43,14.87,24437.8,TRUE,TRUE,TRUE,FALSE
5422,-2.42,14.82,24451.25,TRUE,TRUE,TRUE,FALSE
5428,-2.41,14.8,24456.81,TRUE,TRUE,TRUE,FALSE
5434,-2.41,14.66,24493.06,TRUE,TRUE,TRUE,FALSE
5441,-2.4,14.6,24507.86,TRUE,TRUE,TRUE,FALSE
5447,-2.4,14.5,24532.85,TRUE,TRUE,TRUE,FALSE
5453,-2.39,14.49,24536.72,TRUE,TRUE,TRUE,FALSE
5459,-2.4,14.41,24556.18,TRUE,TRUE,TRUE,FALSE
5465,-2.39,14.31,24584.45,TRUE,TRUE,TRUE,FALSE
5472,-2.36,14.22,24608.02,TRUE,TRUE,TRUE,FALSE
5478,-2.36,14.13,24629.91,TRUE,TRUE,TRUE,FALSE
5484,-2.39,14.05,24651.92,TRUE,TRUE,TRUE,FALSE
5490,-2.36,14.01,24663.86,TRUE,TRUE,TRUE,FALSE
5496,-2.36,13.95,24679.54,TRUE,TRUE,TRUE,FALSE
5503,-2.36,13.93,24683.24,TRUE,TRUE,TRUE,FALSE
5509,-2.34,13.82,24714.77,TRUE,TRUE,TRUE,FALSE
5515,-2.33,13.78,24725.33,TRUE,TRUE,TRUE,FALSE
5521,-2.35,13.75,24734.06,TRUE,TRUE,TRUE,FALSE
5527,-2.33,13.69,24748.72,TRUE,TRUE,TRUE,FALSE
5534,-2.34,13.62,24767.21,TRUE,TRUE,TRUE,FALSE
5540,-2.31,13.55,24787.02,TRUE,TRUE,TRUE,FALSE
5546,-2.3,13.5,24799.97,TRUE,TRUE,TRUE,FALSE
5552,-2.31,13.42,24823.11,TRUE,TRUE,TRUE,FALSE
5558,-2.31,13.31,24852.76,TRUE,TRUE,TRUE,FALSE
5565,-2.3,13.31,24854.36,TRUE,TRUE,TRUE,FALSE
5571,-2.29,13.29,24860.44,TRUE,TRUE,TRUE,FALSE
5577,-2.27,13.2,24885.18,TRUE,TRUE,TRUE,FALSE
5583,-2.3,13.08,24917.19,TRUE,TRUE,TRUE,FALSE
5589,-2.26,12.99,24943.87,TRUE,TRUE,TRUE,FALSE
5596,-2.26,13.07,24920.43,TRUE,TRUE,TRUE,FALSE
5602,-2.26,12.97,24948.77,TRUE,TRUE,TRUE,FALSE
5608,-2.25,12.92,24965.14,TRUE,TRUE,TRUE,FALSE
5614,-2.26,12.85,24984.19,TRUE,TRUE,TRUE,FALSE
5620,-2.24,12.76,25008.95,TRUE,TRUE,TRUE,FALSE
5627,-2.25,12.68,25033.52,TRUE,TRUE,TRUE,FALSE
5633,-2.2,12.66,25038.21,TRUE,TRUE,TRUE,FALSE
5639,-2.21,12.6,25054.89,TRUE,TRUE,TRUE,FALSE
5645,-2.21,12.56,25067.96,TRUE,TRUE,TRUE,FALSE
5652,-2.21,12.45,25100.27,TRUE,TRUE,TRUE,FALSE
5658,-2.21,12.39,25117.53,TRUE,TRUE,TRUE,FALSE
5664,-2.19,12.39,25118.57,TRUE,TRUE,TRUE,FALSE
5670,-2.18,12.33,25135.23,TRUE,TRUE,TRUE,FALSE
5676,-2.19,12.26,25157.41,TRUE,TRUE,TRUE,FALSE
5683,-2.18,12.14,25190.73,TRUE,TRUE,TRUE,FALSE
5689,-2.17,12.09,25207.66,TRUE,TRUE,TRUE,FALSE
5695,-2.15,12.05,25220.16,TRUE,TRUE,TRUE,FALSE
5701,-2.15,12,25234.76,TRUE,TRUE,TRUE,FALSE
5707,-2.13,11.96,25244.89,TRUE,TRUE,TRUE,FALSE
5714,-2.13,11.92,25258.52,TRUE,TRUE,TRUE,FALSE
5720,-2.13,11.92,25257.47,TRUE,TRUE,TRUE,FALSE
5726,-2.11,11.83,25286.63,TRUE,TRUE,TRUE,FALSE
5732,-2.13,11.71,25321.96,TRUE,TRUE,TRUE,FALSE
5738,-2.11,11.69,25328.02,TRUE,TRUE,TRUE,FALSE
5745,-2.1,11.67,25335.17,TRUE,TRUE,TRUE,FALSE
5751,-2.08,11.65,25340.18,TRUE,TRUE,TRUE,FALSE
5757,-2.1,11.57,25366.25,TRUE,TRUE,TRUE,FALSE
5763,-2.06,11.58,25362.37,TRUE,TRUE,TRUE,FALSE
5769,-2.06,11.43,25409.92,TRUE,TRUE,TRUE,FALSE
5776,-2.07,11.39,25423.68,TRUE,TRUE,TRUE,FALSE
5782,-2.06,11.37,25428.42,TRUE,TRUE,TRUE,FALSE
5788,-2.05,11.28,25456.55,TRUE,TRUE,TRUE,FALSE
5794,-2.03,11.23,25474.92,TRUE,TRUE,TRUE,FALSE
5800,-2.02,11.19,25485.24,TRUE,TRUE,TRUE,FALSE
5807,-2,11.06,25527.1,TRUE,TRUE,TRUE,FALSE
5813,-2,11.14,25502.63,TRUE,TRUE,TRUE,FALSE
5819,-2,11.02,25540.9,TRUE,TRUE,TRUE,FALSE
5825,-1.98,10.97,25558.52,TRUE,TRUE,TRUE,FALSE
5831,-2,10.93,25568.97,TRUE,TRUE,TRUE,FALSE
5838,-1.98,10.91,25576.52,TRUE,TRUE,TRUE,FALSE
5844,-1.96,10.81,25611.31,TRUE,TRUE,TRUE,FALSE
5850,-1.95,10.77,25621.96,TRUE,TRUE,TRUE,FALSE
5856,-1.93,10.76,25625.46,TRUE,TRUE,TRUE,FALSE
5862,-1.93,10.69,25650.64,TRUE,TRUE,TRUE,FALSE
5869,-1.93,10.59,25681.73,TRUE,TRUE,TRUE,FALSE
5875,-1.91,10.68,25652.6,TRUE,TRUE,TRUE,FALSE
5881,-1.92,10.55,25697.19,TRUE,TRUE,TRUE,FALSE
5887,-1.91,10.5,25713.87,TRUE,TRUE,TRUE,FALSE
5893,-1.89,10.44,25733.8,TRUE,TRUE,TRUE,FALSE
5900,-1.88,10.43,25736.56,TRUE,TRUE,TRUE,FALSE
5906,-1.88,10.32,25772.99,TRUE,TRUE,TRUE,FALSE
5912,-1.86,10.32,25773.84,TRUE,TRUE,TRUE,FALSE
5918,-1.85,10.33,25772.33,TRUE,TRUE,TRUE,FALSE
5924,-1.83,10.19,25818.27,TRUE,TRUE,TRUE,FALSE
5931,-1.83,10.2,25814.69,TRUE,TRUE,TRUE,FALSE
5937,-1.85,10.09,25854.52,TRUE,TRUE,TRUE,FALSE
5943,-1.83,10.1,25850.59,TRUE,TRUE,TRUE,FALSE
5949,-1.81,10.07,25862.29,TRUE,TRUE,TRUE,FALSE
5955,-1.79,10.01,25882.93,TRUE,TRUE,TRUE,FALSE
5962,-1.78,9.92,25914.96,TRUE,TRUE,TRUE,FALSE
5968,-1.78,9.98,25893.07,TRUE,TRUE,TRUE,FALSE
5974,-1.76,9.95,25903.68,TRUE,TRUE,TRUE,FALSE
5980,-1.75,9.86,25933.86,TRUE,TRUE,TRUE,FALSE
5986,-1.74,9.81,25953.96,TRUE,TRUE,TRUE,FALSE
5993,-1.75,9.73,25980.67,TRUE,TRUE,TRUE,FALSE
5999,-1.73,9.73,25980.34,TRUE,TRUE,TRUE,FALSE
6005,-1.71,9.71,25987.45,TRUE,TRUE,TRUE,FALSE
6011,-1.7,9.68,26000.78,TRUE,TRUE,TRUE,FALSE
6017,-1.69,9.59,26031.22,TRUE,TRUE,TRUE,FALSE
6024,-1.68,9.59,26032.94,TRUE,TRUE,TRUE,FALSE
6030,-1.67,9.55,26047.21,TRUE,TRUE,TRUE,FALSE
6036,-1.65,9.7,25990.65,TRUE,TRUE,TRUE,FALSE
6042,-1.65,9.96,25900.18,TRUE,TRUE,TRUE,FALSE
6048,-1.63,10.42,25739.92,TRUE,TRUE,TRUE,FALSE
6055,-1.61,11.17,25492.41,TRUE,TRUE,TRUE,FALSE
6061,-1.6,11.91,25260.09,TRUE,TRUE,TRUE,FALSE
6067,-1.6,12.59,25058.57,TRUE,TRUE,TRUE,FALSE
6073,-1.6,13.38,24833.93,TRUE,TRUE,TRUE,FALSE
6079,-1.57,14.46,24545.5,TRUE,TRUE,TRUE,FALSE
6086,-1.56,15.12,24376.25,TRUE,TRUE,TRUE,FALSE
6092,-1.56,15.94,24174.23,TRUE,TRUE,TRUE,FALSE
6098,-1.55,16.86,23957.93,TRUE,TRUE,TRUE,FALSE
6104,-1.53,17.71,23766.96,TRUE,TRUE,TRUE,FALSE
6110,-1.53,18.61,23571.02,TRUE,TRUE,TRUE,FALSE
6117,-1.52,19.64,23357.54,TRUE,TRUE,TRUE,FALSE
6123,-1.51,21.03,23083.37,TRUE,TRUE,TRUE,FALSE
6129,-1.51,21.89,22920.24,TRUE,TRUE,TRUE,FALSE
6135,-1.48,22.95,22726.58,TRUE,TRUE,TRUE,FALSE
6141,-1.48,24.25,22498.51,TRUE,TRUE,TRUE,FALSE
6148,-1.47,25.21,22336.76,TRUE,TRUE,TRUE,FALSE
6154,-1.5,26.42,22138.84,TRUE,TRUE,TRUE,FALSE
6160,-1.48,27.67,21943.59,TRUE,TRUE,TRUE,FALSE
6166,-1.49,29,21742.08,TRUE,TRUE,TRUE,FALSE
6172,-1.5,30.12,21579.13,TRUE,TRUE,TRUE,FALSE
6179,-1.49,31.24,21420.78,TRUE,TRUE,TRUE,FALSE
6185,-1.5,32.58,21236.8,TRUE,TRUE,TRUE,FALSE
6191,-1.53,33.84,21068.92,TRUE,TRUE,TRUE,FALSE
6197,-1.52,35.39,20870.3,TRUE,TRUE,TRUE,FALSE
6203,-1.53,36.58,20722.75,TRUE,TRUE,TRUE,FALSE
6210,-1.53,38.15,20532.19,TRUE,TRUE,TRUE,FALSE
6216,-1.54,39.51,20373.27,TRUE,TRUE,TRUE,FALSE
6222,-1.55,41.2,20182,TRUE,TRUE,TRUE,FALSE
6228,-1.58,42.57,20031.16,TRUE,TRUE,TRUE,FALSE
6234,-1.58,44.13,19864.43,TRUE,TRUE,TRUE,FALSE
6241,-1.6,45.61,19710.06,TRUE,TRUE,TRUE,FALSE
6247,-1.65,47.04,19565.37,TRUE,TRUE,TRUE,FALSE
6253,-1.66,48.91,19380.02,TRUE,TRUE,TRUE,FALSE
6259,-1.69,50.64,19214.64,TRUE,TRUE,TRUE,FALSE
6266,-1.7,52.09,19079.57,TRUE,TRUE,TRUE,FALSE
6272,-1.75,53.81,18923.1,TRUE,TRUE,TRUE,FALSE
6278,-1.76,55.7,18755.44,TRUE,TRUE,TRUE,FALSE
6284,-1.81,57.17,18628.7,TRUE,TRUE,TRUE,FALSE
6290,-1.86,58.99,18475.15,TRUE,TRUE,TRUE,FALSE
6297,-1.91,60.85,18321.76,TRUE,TRUE,TRUE,FALSE
6303,-1.96,62.6,18181.22,TRUE,TRUE,TRUE,FALSE
6309,-2,64.35,18043.59,TRUE,TRUE,TRUE,FALSE
6315,-2.04,66.25,17897.46,TRUE,TRUE,TRUE,FALSE
6321,-2.13,68.27,17745.95,TRUE,TRUE,TRUE,FALSE
6328,-2.18,70.18,17605.62,TRUE,TRUE,TRUE,FALSE
6334,-2.24,72.13,17465.93,TRUE,TRUE,TRUE,FALSE
6340,-2.33,74.34,17311.16,TRUE,TRUE,TRUE,FALSE
6346,-2.4,76.18,17185.32,TRUE,TRUE,TRUE,FALSE
6352,-2.48,78.19,17050.75,TRUE,TRUE,TRUE,FALSE
6359,-2.58,80.35,16908.94,TRUE,TRUE,TRUE,FALSE
6365,-2.66,82.52,16769.35,TRUE,TRUE,TRUE,FALSE
6371,-2.82,84.85,16622.63,TRUE,TRUE,TRUE,FALSE
6377,-2.94,86.85,16499.71,TRUE,TRUE,TRUE,FALSE
6383,-3.03,89.12,16362.59,TRUE,TRUE,TRUE,FALSE
6390,-3.17,91.08,16247.02,TRUE,TRUE,TRUE,FALSE
6396,-3.25,93.36,16114.52,TRUE,TRUE,TRUE,FALSE
6402,-3.34,95.59,15987.59,TRUE,TRUE,TRUE,FALSE
6408,-3.45,97.9,15858.22,TRUE,TRUE,TRUE,FALSE
6414,-3.56,100.28,15727.83,TRUE,TRUE,TRUE,FALSE
6421,-3.64,102.58,15603.87,TRUE,TRUE,TRUE,FALSE
6427,-3.73,104.84,15484.79,TRUE,TRUE,TRUE,FALSE
6433,-3.83,107.5,15347.02,TRUE,TRUE,TRUE,FALSE
6439,-3.94,109.74,15233,TRUE,TRUE,TRUE,FALSE
6446,-4.06,112.37,15101.59,TRUE,TRUE,TRUE,FALSE
6452,-4.22,114.55,14994.53,TRUE,TRUE,TRUE,FALSE
6458,-4.33,117.07,14872.59,TRUE,TRUE,TRUE,FALSE
6464,-4.47,119.59,14753,TRUE,TRUE,TRUE,FALSE
6470,-4.59,122,14640.64,TRUE,TRUE,TRUE,FALSE
6477,-4.69,124.65,14519.08,TRUE,TRUE,TRUE,FALSE
6483,-4.81,127.34,14397.46,TRUE,TRUE,TRUE,FALSE
6489,-4.95,129.7,14292.61,TRUE,TRUE,TRUE,FALSE
6495,-5.09,132.7,14161.58,TRUE,TRUE,TRUE,FALSE
6501,-5.21,135.18,14055.35,TRUE,TRUE,TRUE,FALSE
6508,-5.33,137.87,13941.54,TRUE,TRUE,TRUE,FALSE
6514,-5.47,140.52,13831.28,TRUE,TRUE,TRUE,FALSE
6520,-5.61,143.45,13711.36,TRUE,TRUE,TRUE,FALSE
6526,-5.71,146.21,13599.82,TRUE,TRUE,TRUE,FALSE
6532,-5.88,149.15,13483.31,TRUE,TRUE,TRUE,FALSE
6539,-6.03,151.82,13379.12,TRUE,TRUE,TRUE,FALSE
6545,-6.19,154.57,13273.17,TRUE,TRUE,TRUE,FALSE
6551,-6.32,157.62,13157.55,TRUE,TRUE,TRUE,FALSE
6557,-6.53,160.53,13048.56,TRUE,TRUE,TRUE,FALSE
6563,-6.68,163.51,12939.07,TRUE,TRUE,TRUE,FALSE
6570,-6.92,166.46,12832.15,TRUE,TRUE,TRUE,FALSE
6576,-7.15,169.57,12720.76,TRUE,TRUE,TRUE,FALSE
6582,-7.26,172.65,12612.49,TRUE,TRUE,TRUE,FALSE
6588,-7.46,175.92,12499.12,TRUE,TRUE,TRUE,FALSE
6594,-7.6,178.87,12398.23,TRUE,TRUE,TRUE,FALSE
6601,-7.82,181.92,12295.19,TRUE,TRUE,TRUE,FALSE
6607,-8,185.15,12187.62,TRUE,TRUE,TRUE,FALSE
6613,-8.17,188.35,12082.82,TRUE,TRUE,FALSE,FALSE
6620,-8.38,191.66,11975.78,TRUE,TRUE,TRUE,FALSE
6626,-8.53,194.95,11870.59,TRUE,TRUE,TRUE,FALSE
6632,-8.83,198.5,11759.18,TRUE,TRUE,TRUE,FALSE
6638,-8.96,201.52,11665.29,TRUE,TRUE,TRUE,FALSE
6645,-9.13,204.97,11559.59,TRUE,TRUE,TRUE,FALSE
6651,-9.27,207.89,11471.21,TRUE,TRUE,TRUE,FALSE
6657,-9.4,211.37,11367.23,TRUE,TRUE,TRUE,FALSE
6663,-9.57,214.5,11274.91,TRUE,TRUE,TRUE,FALSE
6670,-9.72,218.2,11167.2,TRUE,TRUE,TRUE,FALSE
6676,-9.95,221.68,11067.25,TRUE,TRUE,TRUE,FALSE
6682,-10.02,224.74,10980.32,TRUE,TRUE,TRUE,FALSE
6689,-10.17,228.16,10884.47,TRUE,TRUE,TRUE,FALSE
6695,-10.33,231.54,10790.75,TRUE,TRUE,TRUE,FALSE
6701,-10.48,234.95,10697.32,TRUE,TRUE,TRUE,FALSE
6707,-10.59,238.57,10599.24,TRUE,TRUE,TRUE,FALSE
6713,-10.72,241.68,10515.94,TRUE,TRUE,TRUE,FALSE
6720,-10.84,245.22,10422.2,TRUE,TRUE,TRUE,FALSE
6726,-10.94,248.49,10336.79,TRUE,TRUE,TRUE,FALSE
6732,-11.07,252.31,10237.87,TRUE,TRUE,TRUE,FALSE
6738,-11.19,255.56,10154.63,TRUE,TRUE,TRUE,FALSE
6744,-11.36,258.94,10069.12,TRUE,TRUE,TRUE,FALSE
6751,-11.43,262.54,9978.91,TRUE,TRUE,TRUE,FALSE
6757,-11.58,266.02,9892.94,TRUE,TRUE,TRUE,FALSE
6763,-11.67,269.62,9804.6,TRUE,TRUE,TRUE,FALSE
6769,-11.77,272.97,9723.39,TRUE,TRUE,TRUE,FALSE
6775,-11.85,276.86,9630.11,TRUE,TRUE,TRUE,FALSE
6782,-11.92,280.43,9545.52,TRUE,TRUE,TRUE,FALSE
6788,-11.99,284.11,9458.89,TRUE,TRUE,TRUE,FALSE
6794,-12.09,287.67,9376.18,TRUE,TRUE,TRUE,FALSE
6800,-12.27,291.52,9287.68,TRUE,TRUE,TRUE,FALSE
6807,-12.38,295.44,9198.66,TRUE,TRUE,TRUE,FALSE
6813,-12.49,299.25,9112.68,TRUE,TRUE,TRUE,FALSE
6819,-12.56,302.89,9031.7,TRUE,TRUE,TRUE,FALSE
6825,-12.62,306.41,8954.05,TRUE,TRUE,TRUE,FALSE
6832,-12.69,310.36,8867.67,TRUE,TRUE,TRUE,FALSE
6838,-12.75,314.07,8787.43,TRUE,TRUE,TRUE,FALSE
6844,-12.84,317.59,8711.8,TRUE,TRUE,TRUE,FALSE
6850,-12.9,321.64,8625.82,TRUE,TRUE,TRUE,FALSE
6856,-12.96,325.22,8550.68,TRUE,TRUE,TRUE,FALSE
6863,-13.02,329.08,8470.14,TRUE,TRUE,TRUE,FALSE
6869,-13.09,332.9,8391.43,TRUE,TRUE,TRUE,FALSE
6875,-13.11,336.88,8309.98,TRUE,TRUE,TRUE,FALSE
6881,-13.15,340.52,8236.27,TRUE,TRUE,TRUE,FALSE
6888,-13.19,344.52,8155.86,TRUE,TRUE,FALSE,FALSE
6894,-13.2,349,8066.96,TRUE,TRUE,TRUE,FALSE
6901,-13.26,352.66,7994.79,TRUE,TRUE,TRUE,FALSE
6907,-13.3,356.65,7916.85,TRUE,TRUE,TRUE,FALSE
6913,-13.31,360.71,7838.52,TRUE,TRUE,TRUE,FALSE
6919,-13.4,364.51,7765.6,TRUE,TRUE,TRUE,FALSE
6926,-13.42,368.68,7686.44,TRUE,TRUE,TRUE,FALSE
6932,-13.46,372.57,7613.05,TRUE,TRUE,TRUE,FALSE
6938,-13.51,376.6,7537.85,TRUE,TRUE,TRUE,FALSE
6944,-13.56,380.78,7460.44,TRUE,TRUE,TRUE,FALSE
6951,-13.59,385.09,7381.49,TRUE,TRUE,TRUE,FALSE
6957,-13.56,389.15,7307.69,TRUE,TRUE,TRUE,FALSE
6963,-13.61,393.41,7230.86,TRUE,TRUE,TRUE,FALSE
6969,-13.64,397.6,7155.96,TRUE,TRUE,TRUE,FALSE
6975,-13.65,401.72,7082.99,TRUE,TRUE,TRUE,FALSE
6982,-13.66,405.75,7012.1,TRUE,TRUE,TRUE,FALSE
6988,-13.63,410.03,6937.51,TRUE,TRUE,TRUE,FALSE
6994,-13.61,414,6868.85,TRUE,TRUE,TRUE,FALSE
7000,-13.59,418.38,6793.81,TRUE,TRUE,TRUE,FALSE
7006,-13.56,422.63,6721.52,TRUE,TRUE,TRUE,FALSE
7013,-13.55,426.95,6648.71,TRUE,TRUE,TRUE,FALSE
7019,-13.49,431.3,6576.02,TRUE,TRUE,TRUE,FALSE
7025,-13.47,435.58,6504.93,TRUE,TRUE,TRUE,FALSE
7031,-13.43,440.15,6429.71,TRUE,TRUE,TRUE,FALSE
7038,-13.4,444.15,6364.42,TRUE,TRUE,TRUE,FALSE
7044,-13.32,448.49,6294.05,TRUE,TRUE,TRUE,FALSE
7050,-13.3,453.01,6221.55,TRUE,TRUE,TRUE,FALSE
7057,-13.24,457.52,6149.56,TRUE,TRUE,TRUE,FALSE
7063,-13.19,461.97,6079.15,TRUE,TRUE,TRUE,FALSE
7069,-13.11,466.35,6010.41,TRUE,TRUE,TRUE,FALSE
7075,-13.07,470.6,5944.23,TRUE,TRUE,TRUE,FALSE
7082,-13,475.29,5871.63,TRUE,TRUE,TRUE,FALSE
7088,-12.94,479.84,5801.91,TRUE,TRUE,TRUE,FALSE
7094,-12.88,484.25,5734.81,TRUE,TRUE,TRUE,FALSE
7100,-12.84,488.94,5663.93,TRUE,TRUE,FALSE,FALSE
7107,-12.77,493.58,5594.41,TRUE,TRUE,TRUE,FALSE
7113,-12.68,498.14,5526.58,TRUE,TRUE,TRUE,FALSE
7119,-12.62,502.93,5455.77,TRUE,TRUE,TRUE,FALSE
7126,-12.57,507.88,5383.22,TRUE,TRUE,TRUE,FALSE
7132,-12.47,512.59,5314.79,TRUE,TRUE,TRUE,FALSE
7138,-12.41,517.2,5248.3,TRUE,TRUE,TRUE,FALSE
7144,-12.3,522.1,5178.04,TRUE,TRUE,TRUE,FALSE
7150,-12.21,526.75,5111.98,TRUE,TRUE,TRUE,FALSE
7157,-12.1,531.45,5045.54,TRUE,TRUE,TRUE,FALSE
7163,-12,536.27,4978.08,TRUE,TRUE,TRUE,FALSE
7169,-11.88,541.27,4908.56,TRUE,TRUE,TRUE,FALSE
7175,-11.77,546.02,4842.84,TRUE,TRUE,TRUE,FALSE
7182,-11.68,550.75,4778,TRUE,TRUE,TRUE,FALSE
7188,-11.56,555.59,4712.12,TRUE,TRUE,TRUE,FALSE
7194,-11.47,560.37,4647.46,TRUE,TRUE,TRUE,FALSE
7200,-11.35,565.11,4583.85,TRUE,TRUE,TRUE,FALSE
7207,-11.24,570.1,4517.29,TRUE,TRUE,TRUE,FALSE
7213,-11.11,575,4452.43,TRUE,TRUE,TRUE,FALSE
7219,-11,579.71,4390.42,TRUE,TRUE,TRUE,FALSE
7225,-10.88,584.72,4324.92,TRUE,TRUE,TRUE,FALSE
7232,-10.77,589.85,4258.47,TRUE,TRUE,TRUE,FALSE
7238,-10.64,594.83,4194.23,TRUE,TRUE,TRUE,FALSE
7244,-10.5,599.74,4131.44,TRUE,TRUE,TRUE,FALSE
7250,-10.4,604.67,4068.72,TRUE,TRUE,TRUE,FALSE
7257,-10.25,609.67,4005.56,TRUE,TRUE,TRUE,FALSE
7263,-10.14,614.5,3945.03,TRUE,TRUE,TRUE,FALSE
7269,-9.98,619.44,3883.38,TRUE,TRUE,TRUE,FALSE
7275,-9.84,624.48,3821.03,TRUE,TRUE,TRUE,FALSE
7281,-9.7,629.45,3759.88,TRUE,TRUE,TRUE,FALSE
7288,-9.59,634.32,3700.31,TRUE,TRUE,TRUE,FALSE
7294,-9.44,639.47,3637.69,TRUE,TRUE,TRUE,FALSE
7300,-9.31,644.28,3579.74,TRUE,TRUE,TRUE,FALSE
7306,-9.15,649.46,3517.56,TRUE,TRUE,TRUE,FALSE
7312,-9.04,654.3,3459.88,TRUE,TRUE,TRUE,FALSE
7319,-8.89,659.4,3399.44,TRUE,TRUE,TRUE,FALSE
7325,-8.71,664.38,3340.76,TRUE,TRUE,TRUE,FALSE
7331,-8.57,669.52,3280.56,TRUE,TRUE,TRUE,FALSE
7337,-8.4,674.38,3224.07,TRUE,TRUE,TRUE,FALSE
7343,-8.28,679.65,3163.13,TRUE,TRUE,TRUE,FALSE
7350,-8.11,684.75,3104.55,TRUE,TRUE,TRUE,FALSE
7356,-7.96,690.04,3044.07,TRUE,TRUE,TRUE,FALSE
7362,-7.82,695.1,2986.68,TRUE,TRUE,TRUE,FALSE
7368,-7.64,700.18,2929.32,TRUE,TRUE,TRUE,FALSE
7375,-7.52,705.38,2871,TRUE,TRUE,TRUE,FALSE
7381,-7.37,710.33,2815.75,TRUE,TRUE,TRUE,FALSE
7387,-7.26,715.69,2756.31,TRUE,TRUE,TRUE,FALSE
7393,-7.11,720.93,2698.58,TRUE,TRUE,TRUE,FALSE
7399,-6.95,726.05,2642.51,TRUE,TRUE,TRUE,FALSE
7406,-6.81,731.25,2585.83,TRUE,TRUE,TRUE,FALSE
7412,-6.65,736.57,2528.22,TRUE,TRUE,TRUE,FALSE
7418,-6.49,741.89,2470.91,TRUE,TRUE,TRUE,FALSE
7424,-6.26,747.19,2414.23,TRUE,TRUE,TRUE,FALSE
7430,-6.1,752.77,2354.81,TRUE,TRUE,TRUE,FALSE
7437,-5.93,758.19,2297.47,TRUE,TRUE,TRUE,FALSE
7443,-5.74,763.57,2240.86,TRUE,TRUE,TRUE,FALSE
7449,-5.59,769.07,2183.34,TRUE,TRUE,TRUE,FALSE
7455,-5.38,774.64,2125.42,TRUE,TRUE,TRUE,FALSE
7461,-5.23,780.29,2067.01,TRUE,TRUE,TRUE,FALSE
7468,-5.05,786.06,2007.71,TRUE,TRUE,TRUE,FALSE
7474,-4.86,791.73,1949.86,TRUE,TRUE,TRUE,FALSE
7480,-4.73,797.28,1893.4,TRUE,TRUE,TRUE,FALSE
7486,-4.57,802.98,1835.9,TRUE,TRUE,TRUE,FALSE
7492,-4.41,808.93,1776.17,TRUE,TRUE,TRUE,FALSE
7499,-4.21,814.7,1718.5,TRUE,TRUE,TRUE,FALSE
7505,-4.05,820.35,1662.5,TRUE,TRUE,TRUE,FALSE
7511,-3.85,825.96,1607.11,TRUE,TRUE,TRUE,FALSE
7517,-3.69,831.45,1553.16,TRUE,TRUE,TRUE,FALSE
7523,-3.52,836.87,1500.29,TRUE,TRUE,TRUE,FALSE
7530,-3.34,842.12,1449.23,TRUE,TRUE,TRUE,FALSE
7536,-3.14,847.36,1398.57,TRUE,TRUE,TRUE,FALSE
7542,-2.98,853.14,1343.09,TRUE,TRUE,TRUE,FALSE
7548,-2.82,858.37,1293.03,TRUE,TRUE,TRUE,FALSE
7554,-2.64,863.14,1247.58,TRUE,TRUE,TRUE,FALSE
7561,-2.46,867.62,1205.19,TRUE,TRUE,TRUE,FALSE
7567,-2.29,873.06,1153.82,TRUE,TRUE,TRUE,FALSE
7573,-2.11,877.34,1113.62,TRUE,TRUE,TRUE,FALSE
7579,-1.9,881.85,1071.41,TRUE,TRUE,TRUE,FALSE
7586,-1.67,885.53,1037.16,TRUE,TRUE,TRUE,FALSE
7592,-1.53,888.83,1006.51,TRUE,TRUE,TRUE,FALSE
7598,-1.36,892.71,970.53,TRUE,TRUE,TRUE,FALSE
7604,-1.2,897.53,926.15,TRUE,TRUE,TRUE,FALSE
7610,-1.03,901.02,894.05,TRUE,TRUE,TRUE,FALSE
7617,-0.84,905.69,851.34,TRUE,TRUE,TRUE,FALSE
7623,-0.6,909.56,816.04,TRUE,TRUE,TRUE,FALSE
7629,-0.41,913.83,777.23,TRUE,TRUE,TRUE,FALSE
7635,-0.27,917.65,742.65,TRUE,TRUE,TRUE,FALSE
7641,-0.09,922.09,702.52,TRUE,TRUE,TRUE,FALSE
7648,0.04,927.49,654.09,TRUE,TRUE,TRUE,FALSE
7654,0.21,933.07,604.2,TRUE,TRUE,TRUE,FALSE
7660,0.37,938.64,554.65,TRUE,TRUE,TRUE,FALSE
7666,0.53,944.79,500.19,TRUE,TRUE,TRUE,FALSE
7672,0.69,951.44,441.62,TRUE,TRUE,TRUE,FALSE
7679,0.88,957.48,388.73,TRUE,TRUE,TRUE,FALSE
7685,1.04,963.32,337.85,TRUE,TRUE,TRUE,FALSE
7691,1.26,968.71,291.2,TRUE,TRUE,TRUE,FALSE
7697,1.39,974.69,239.59,TRUE,TRUE,TRUE,FALSE
7703,1.56,980.57,189.03,TRUE,TRUE,TRUE,FALSE
